optimgain,EpRewMean,surrgain,EpisodesSoFar,TimeElapsed,entropy,meankl,entloss,explained_variance_tdlam_before,TimestepsSoFar,EpThisIter,EpLenMean
0.036822356,-5.0,0.036822356,1,0.9120831489562988,2.0722826,0.007061444,0.0,-0.8593674898147583,1024,1,601.0
0.04427722,-4.666666666666667,0.04427722,3,1.3536770343780518,2.0606284,0.0066053197,0.0,0.3398280143737793,2048,2,543.3333333333334
0.041795917,-4.8,0.041795917,5,1.8007760047912598,2.0530133,0.006602144,0.0,0.6443547904491425,3072,2,541.2
0.0520528,-4.666666666666667,0.0520528,6,2.2031562328338623,2.0523973,0.0085242875,0.0,0.6258509457111359,4096,1,584.6666666666666
0.042102046,-4.625,0.042102046,8,2.6482291221618652,2.0430875,0.0077994936,0.0,0.6187513768672943,5120,2,597.625
0.034971096,-4.7,0.034971096,10,3.1030690670013428,2.031982,0.006080024,0.0,0.6266309916973114,6144,2,606.9
0.03983081,-4.75,0.03983081,12,3.518449068069458,2.021115,0.00824746,0.0,0.7379443347454071,7168,2,574.4166666666666
0.03999333,-4.769230769230769,0.03999333,13,3.925014019012451,2.0128145,0.008773265,0.0,0.5023615956306458,8192,1,589.5384615384615
0.039062604,-4.8,0.039062604,15,4.333391904830933,2.0192466,0.0071046557,0.0,0.520655632019043,9216,2,581.9333333333333
0.045368448,-4.823529411764706,0.045368448,17,4.776855945587158,2.0204854,0.007764619,0.0,0.5625895857810974,10240,2,580.4117647058823
0.03941388,-4.7368421052631575,0.03941388,19,5.221304893493652,2.0044818,0.0070875185,0.0,0.521565318107605,11264,2,579.4736842105264
0.043012768,-4.761904761904762,0.043012768,21,5.644009113311768,2.004926,0.0069654915,0.0,0.6852982640266418,12288,2,578.6666666666666
0.05275522,-4.7272727272727275,0.05275522,22,6.06547999382019,1.9859021,0.008662173,0.0,0.7036860287189484,13312,1,582.5
0.052242264,-4.75,0.052242264,24,6.482186794281006,1.9959543,0.008514132,0.0,0.7930987179279327,14336,2,592.875
0.050417304,-4.76,0.050417304,25,6.889487981796265,1.9963908,0.007043742,0.0,0.7103928029537201,15360,1,589.4
0.05060962,-4.777777777777778,0.05060962,27,7.2947540283203125,1.9748509,0.008603538,0.0,0.6036699712276459,16384,2,598.6296296296297
0.051458612,-4.793103448275862,0.051458612,29,7.694874048233032,1.9743923,0.006958293,0.0,0.6980864107608795,17408,2,593.9310344827586
0.046726618,-4.806451612903226,0.046726618,31,8.12003493309021,1.963489,0.0069196,0.0,0.5614527463912964,18432,2,585.6451612903226
0.05248724,-4.818181818181818,0.05248724,33,8.518566131591797,1.9782369,0.007604475,0.0,0.6011242270469666,19456,2,583.6060606060606
0.044201776,-4.8,0.044201776,35,8.957738876342773,1.9800324,0.008934636,0.0,0.5921345055103302,20480,2,582.1428571428571
0.054437444,-4.805555555555555,0.054437444,36,9.396458864212036,1.9479945,0.008520591,0.0,0.5843326151371002,21504,1,578.0555555555555
0.04776685,-4.815789473684211,0.04776685,38,9.863239049911499,1.9526713,0.0083433045,0.0,0.5734584927558899,22528,2,586.8157894736842
0.055431783,-4.794871794871795,0.055431783,39,10.328827142715454,1.9444816,0.008101111,0.0,0.48823463916778564,23552,1,596.025641025641
0.048224237,-4.8,0.048224237,41,10.741556882858276,1.9561148,0.008176201,0.0,0.6575579345226288,24576,2,592.275
0.04436175,-4.825,0.04436175,43,11.237833023071289,1.9462233,0.008645063,0.0,0.8347745090723038,25600,2,593.5
0.05190166,-4.825,0.05190166,45,11.698038816452026,1.9407799,0.008450702,0.0,0.6618480682373047,26624,2,592.525
0.050112054,-4.85,0.050112054,47,12.135989904403687,1.9515066,0.0076170596,0.0,0.7672050446271896,27648,2,586.725
0.043618035,-4.875,0.043618035,49,12.60589599609375,1.9354479,0.012609312,0.0,0.6552797257900238,28672,2,585.0
0.055130515,-4.85,0.055130515,50,13.034943103790283,1.9239714,0.009434338,0.0,0.49381953477859497,29696,1,583.7
0.0549614,-4.85,0.0549614,51,13.526225090026855,1.9310268,0.008723427,0.0,0.3690674304962158,30720,1,584.225
0.04217093,-4.8,0.04217093,53,13.984580039978027,1.9293358,0.008000201,0.0,0.5733437240123749,31744,2,592.325
0.05507539,-4.8,0.05507539,55,14.507615089416504,1.9277873,0.008254161,0.0,0.616299957036972,32768,2,594.4
0.054530833,-4.8,0.054530833,57,14.967230081558228,1.9271234,0.008458007,0.0,0.7309089004993439,33792,2,597.325
0.048640132,-4.8,0.048640132,58,15.428364038467407,1.914563,0.009053059,0.0,0.7110432386398315,34816,1,603.8
0.04649713,-4.85,0.04649713,60,15.849738836288452,1.92759,0.008288004,0.0,0.6292872130870819,35840,2,603.0
0.06022021,-4.85,0.06022021,61,16.308746099472046,1.921067,0.008852284,0.0,0.7570910006761551,36864,1,601.425
0.057091117,-4.875,0.057091117,63,16.735671043395996,1.9533405,0.008826749,0.0,0.7741965651512146,37888,2,601.375
0.045864247,-4.875,0.045864247,65,17.139899015426636,1.935545,0.008714696,0.0,0.7244479656219482,38912,2,602.25
0.06525867,-4.875,0.06525867,66,17.58418917655945,1.9336249,0.010082066,0.0,0.6971659064292908,39936,1,595.95
0.059590675,-4.875,0.059590675,68,18.01257300376892,1.9215127,0.009862757,0.0,0.6458509564399719,40960,2,599.35
0.07198575,-4.85,0.07198575,69,18.414391040802002,1.926964,0.00848506,0.0,0.6180108785629272,41984,1,605.75
0.052087046,-4.85,0.052087046,70,18.82856297492981,1.929265,0.0074433056,0.0,0.6380122303962708,43008,1,612.175
0.052490294,-4.85,0.052490294,71,19.249674081802368,1.9203105,0.0093622,0.0,0.1490517258644104,44032,1,623.65
0.04019069,-4.825,0.04019069,74,19.652662992477417,1.9404458,0.0075928094,0.0,0.5526399314403534,45056,3,629.075
0.047103472,-4.825,0.047103472,75,20.126606941223145,1.9514606,0.008549369,0.0,0.6611022651195526,46080,1,628.775
0.07013654,-4.8,0.07013654,77,20.5472412109375,1.9402043,0.009871203,0.0,0.7369541227817535,47104,2,625.475
0.05713402,-4.775,0.05713402,78,20.953109979629517,1.939475,0.008720392,0.0,0.35750359296798706,48128,1,630.4
0.050565504,-4.8,0.050565504,80,21.356625080108643,1.9499407,0.008897316,0.0,0.6441679298877716,49152,2,630.4
0.05092866,-4.8,0.05092866,82,21.768436193466187,1.9463953,0.009239147,0.0,0.7009357810020447,50176,2,624.85
0.049769558,-4.775,0.049769558,83,22.18533706665039,1.9688809,0.008678149,0.0,0.7226284444332123,51200,1,632.775
0.04895073,-4.775,0.04895073,84,22.601190090179443,1.9612591,0.008621996,0.0,0.5818229913711548,52224,1,643.15
0.05267914,-4.775,0.05267914,85,23.050143003463745,1.9586862,0.00913327,0.0,0.7087187767028809,53248,1,654.4
0.046972807,-4.75,0.046972807,87,23.467532873153687,1.9298759,0.008770751,0.0,0.8245963007211685,54272,2,665.2
0.057525113,-4.75,0.057525113,88,23.94925093650818,1.9437732,0.008257102,0.0,0.6398792564868927,55296,1,664.925
0.052990306,-4.75,0.052990306,90,24.409788131713867,1.9461428,0.009436352,0.0,0.7274948358535767,56320,2,669.875
0.044640422,-4.75,0.044640422,91,24.867890119552612,1.9321566,0.0073278756,0.0,0.740509957075119,57344,1,673.3
0.053803958,-4.8,0.053803958,93,25.3093101978302,1.9281499,0.0087467525,0.0,0.7651116847991943,58368,2,664.15
0.05218216,-4.8,0.05218216,94,25.728564977645874,1.9372338,0.009935595,0.0,0.29574209451675415,59392,1,668.05
0.050371036,-4.8,0.050371036,96,26.133387804031372,1.9356991,0.008863034,0.0,0.7283672392368317,60416,2,680.65
0.057914883,-4.8,0.057914883,97,26.593817949295044,1.9233046,0.008166197,0.0,0.6715870499610901,61440,1,680.825
0.057137784,-4.8,0.057137784,99,27.02393889427185,1.904649,0.00952442,0.0,0.7575304210186005,62464,2,681.25
0.057679106,-4.8,0.057679106,100,27.57596778869629,1.9367745,0.009236272,0.0,0.7993602603673935,63488,1,680.85
0.08193728,-4.8,0.08193728,102,28.091376066207886,1.9070323,0.00821168,0.0,0.835678443312645,64512,2,683.55
0.052848518,-4.8,0.052848518,104,28.788532972335815,1.9289173,0.008132763,0.0,0.7892201691865921,65536,2,676.55
0.05579529,-4.8,0.05579529,105,29.240413188934326,1.9113591,0.008912209,0.0,0.5867065191268921,66560,1,680.475
0.07430579,-4.775,0.07430579,107,29.688253164291382,1.934488,0.010969285,0.0,0.8443640768527985,67584,2,686.3
0.05427205,-4.775,0.05427205,108,30.173261880874634,1.9249262,0.010153597,0.0,0.7537264078855515,68608,1,684.625
0.057137012,-4.8,0.057137012,109,30.700286149978638,1.9306288,0.008139338,0.0,0.6990247666835785,69632,1,685.55
0.053987723,-4.8,0.053987723,111,31.15787100791931,1.9292166,0.009074639,0.0,0.7782480716705322,70656,2,675.35
0.048251532,-4.85,0.048251532,113,31.61241888999939,1.910447,0.009224568,0.0,0.6343956887722015,71680,2,671.35
0.05080177,-4.85,0.05080177,114,32.084392070770264,1.9323715,0.008323528,0.0,0.667011946439743,72704,1,676.8
0.05556833,-4.85,0.05556833,116,32.55760979652405,1.9257456,0.008144108,0.0,0.7867672890424728,73728,2,677.9
0.052684344,-4.9,0.052684344,118,33.07085609436035,1.9160504,0.009411122,0.0,0.5975129902362823,74752,2,677.125
0.050310314,-4.9,0.050310314,120,33.54568696022034,1.935074,0.00810151,0.0,0.7603208273649216,75776,2,670.525
0.051255584,-4.9,0.051255584,122,34.008841037750244,1.9408747,0.009476508,0.0,0.7716550230979919,76800,2,669.225
0.06236922,-4.925,0.06236922,124,34.45832896232605,1.9367566,0.0074670315,0.0,0.8176493793725967,77824,2,651.15
0.06278741,-4.95,0.06278741,126,34.916841983795166,1.9355373,0.008539455,0.0,0.7072603106498718,78848,2,629.975
0.06183523,-4.95,0.06183523,127,35.38501596450806,1.941679,0.0093782395,0.0,0.7487573027610779,79872,1,630.55
0.06036456,-4.975,0.06036456,129,35.843589067459106,1.911585,0.008831084,0.0,0.7372397780418396,80896,2,620.95
0.056217015,-4.95,0.056217015,131,36.31650495529175,1.9107115,0.008747622,0.0,0.6785910427570343,81920,2,627.875
0.062121257,-4.95,0.062121257,133,36.73939895629883,1.932417,0.009831741,0.0,0.548359215259552,82944,2,622.45
0.06649919,-4.95,0.06649919,134,37.196110010147095,1.9059287,0.008861142,0.0,0.6666443943977356,83968,1,624.775
0.05198062,-4.95,0.05198062,135,37.695533990859985,1.891523,0.009101137,0.0,0.7340652346611023,84992,1,611.75
0.04938806,-4.95,0.04938806,137,38.1190299987793,1.9252658,0.008889736,0.0,0.8138107657432556,86016,2,615.525
0.0639573,-4.95,0.0639573,139,38.53342819213867,1.9220515,0.0097048,0.0,0.7693988680839539,87040,2,609.85
0.052818883,-4.925,0.052818883,140,38.96147394180298,1.8820174,0.010081866,0.0,0.6722327768802643,88064,1,613.7
0.05621107,-4.9,0.05621107,142,39.38164281845093,1.8946645,0.009318043,0.0,0.7402265965938568,89088,2,618.5
0.05446306,-4.9,0.05446306,143,39.79185199737549,1.8981316,0.009567853,0.0,0.7531946152448654,90112,1,623.125
0.06455886,-4.9,0.06455886,144,40.240020990371704,1.8941574,0.009072673,0.0,0.5893659889698029,91136,1,631.175
0.059055384,-4.9,0.059055384,146,40.717386960983276,1.8963612,0.008999394,0.0,0.7555005848407745,92160,2,627.55
0.056100566,-4.9,0.056100566,148,41.1639130115509,1.8988805,0.007985188,0.0,0.7500860542058945,93184,2,622.575
0.062049933,-4.9,0.062049933,150,41.575636863708496,1.8849151,0.009827875,0.0,0.7354250848293304,94208,2,610.225
0.049529903,-4.9,0.049529903,151,42.00086688995361,1.9070568,0.009373534,0.0,0.782179445028305,95232,1,612.4
0.055340208,-4.9,0.055340208,154,42.444790840148926,1.8945025,0.008870614,0.0,0.7465410530567169,96256,3,602.175
0.04681345,-4.9,0.04681345,155,42.87787199020386,1.8801014,0.009294691,0.0,0.7170878648757935,97280,1,599.65
0.06445567,-4.9,0.06445567,157,43.316205978393555,1.8800294,0.009543648,0.0,0.8287001699209213,98304,2,600.425
0.061270945,-4.9,0.061270945,159,43.75017523765564,1.8571362,0.0094293915,0.0,0.40892648696899414,99328,2,596.875
0.052406803,-4.9,0.052406803,161,44.231204986572266,1.8701439,0.009942239,0.0,0.5152434706687927,100352,2,591.725
0.06201549,-4.9,0.06201549,163,44.65635108947754,1.8628669,0.010203922,0.0,0.5617128610610962,101376,2,598.725
0.06278276,-4.9,0.06278276,164,45.098042011260986,1.8477956,0.00834544,0.0,0.7009015083312988,102400,1,607.475
0.059894837,-4.9,0.059894837,165,45.507914781570435,1.7824519,0.008950531,0.0,0.7072612047195435,103424,1,606.35
0.059840724,-4.9,0.059840724,167,45.909440994262695,1.8305633,0.0099880025,0.0,0.5939986109733582,104448,2,619.85
0.04875452,-4.9,0.04875452,168,46.355777978897095,1.8581052,0.009508841,0.0,0.65392005443573,105472,1,623.4
0.05376028,-4.9,0.05376028,170,46.78629112243652,1.8461328,0.009747041,0.0,0.7625103145837784,106496,2,618.675
0.05499634,-4.925,0.05499634,172,47.1937780380249,1.8178165,0.008295948,0.0,0.767926499247551,107520,2,615.1
0.06681803,-4.925,0.06681803,174,47.59748291969299,1.7880133,0.009003336,0.0,0.5376268327236176,108544,2,612.2
0.061979525,-4.9,0.061979525,176,48.026670932769775,1.8033569,0.010503182,0.0,0.5561609864234924,109568,2,606.05
0.053203918,-4.9,0.053203918,178,48.45029592514038,1.7933717,0.010770628,0.0,0.7400526404380798,110592,2,608.325
0.05961253,-4.9,0.05961253,179,48.851726055145264,1.7962976,0.010642236,0.0,0.6351727247238159,111616,1,605.8
0.06953949,-4.925,0.06953949,181,49.250113010406494,1.7327114,0.009433588,0.0,0.5210264027118683,112640,2,600.85
0.075385965,-4.95,0.075385965,183,49.65295696258545,1.777132,0.0090698,0.0,0.7737100571393967,113664,2,590.775
0.06410028,-4.975,0.06410028,185,50.09398698806763,1.7353485,0.009375426,0.0,0.6912513375282288,114688,2,583.55
0.05439023,-4.975,0.05439023,186,50.5322699546814,1.7383789,0.010340521,0.0,0.7909722626209259,115712,1,583.65
0.061912782,-4.975,0.061912782,188,50.949410915374756,1.7510914,0.009150943,0.0,0.7131893634796143,116736,2,588.25
0.0740421,-4.975,0.0740421,189,51.34849810600281,1.7142574,0.008817319,0.0,0.7046617269515991,117760,1,592.275
0.05149176,-4.975,0.05149176,191,51.75281596183777,1.7181193,0.0089612175,0.0,0.7949726730585098,118784,2,590.675
0.059288166,-4.975,0.059288166,193,52.15722584724426,1.7466948,0.00897746,0.0,0.7782198637723923,119808,2,592.225
0.06930642,-4.95,0.06930642,195,52.567835092544556,1.7079263,0.010056721,0.0,0.6020678579807281,120832,2,601.7
0.05666,-4.95,0.05666,197,52.96704602241516,1.7803771,0.0089945495,0.0,0.716878741979599,121856,2,597.25
0.07270266,-4.95,0.07270266,198,53.36839413642883,1.7692695,0.011119646,0.0,0.6602724194526672,122880,1,601.75
0.07215588,-4.95,0.07215588,200,53.76777410507202,1.7782019,0.00973019,0.0,0.7137318253517151,123904,2,610.25
0.061356854,-4.95,0.061356854,201,54.17228984832764,1.7928843,0.008745433,0.0,0.8243139535188675,124928,1,616.25
0.057018362,-4.95,0.057018362,203,54.60813879966736,1.689276,0.008217123,0.0,0.7394947409629822,125952,2,621.65
0.058899246,-4.95,0.058899246,205,55.059873819351196,1.8604629,0.011159268,0.0,0.7514224350452423,126976,2,611.275
0.05932669,-4.95,0.05932669,206,55.48724389076233,1.711225,0.0088082645,0.0,0.7720266729593277,128000,1,602.55
0.06875235,-4.95,0.06875235,208,55.8826699256897,1.7634858,0.00862389,0.0,0.7400200366973877,129024,2,597.0
0.065396234,-4.95,0.065396234,210,56.32360005378723,1.784806,0.009961772,0.0,0.6999707221984863,130048,2,599.5
0.06842479,-4.925,0.06842479,211,56.751569986343384,1.7242678,0.009172685,0.0,0.7087199091911316,131072,1,606.275
0.10266751,-4.925,0.10266751,212,57.16035485267639,1.7085221,0.01095728,0.0,0.5553459823131561,132096,1,608.725
0.06036015,-4.9,0.06036015,214,57.566405057907104,1.7374148,0.010580542,0.0,0.7814750820398331,133120,2,614.15
0.06989333,-4.9,0.06989333,216,57.985393047332764,1.7545624,0.010585944,0.0,0.48099207878112793,134144,2,613.8
0.06653273,-4.9,0.06653273,217,58.38293504714966,1.7091193,0.009422227,0.0,0.749841719865799,135168,1,623.975
0.06405269,-4.9,0.06405269,219,58.791239976882935,1.7638222,0.009504271,0.0,0.7947341054677963,136192,2,620.025
0.0652083,-4.9,0.0652083,220,59.18828988075256,1.7470145,0.010815898,0.0,0.6892792284488678,137216,1,624.225
0.05281063,-4.9,0.05281063,222,59.58781719207764,1.7342293,0.008930162,0.0,0.6970248520374298,138240,2,634.725
0.07580019,-4.9,0.07580019,223,60.0088632106781,1.7608548,0.010597715,0.0,0.699122816324234,139264,1,631.875
0.07712961,-4.85,0.07712961,225,60.40715003013611,1.7210436,0.008848765,0.0,0.7062403559684753,140288,2,638.975
0.06750772,-4.85,0.06750772,226,60.83932304382324,1.7966473,0.010699144,0.0,0.6752897500991821,141312,1,637.8
0.071854465,-4.85,0.071854465,228,61.23798394203186,1.7515743,0.008733507,0.0,0.7869146317243576,142336,2,642.875
0.060290743,-4.85,0.060290743,229,61.69706583023071,1.7716186,0.009796655,0.0,0.696601539850235,143360,1,646.95
0.0603078,-4.85,0.0603078,231,62.11576008796692,1.7480555,0.009175159,0.0,0.7592856138944626,144384,2,644.625
0.065766685,-4.85,0.065766685,233,62.582728147506714,1.7673125,0.009141412,0.0,0.6157958507537842,145408,2,642.025
0.07355657,-4.85,0.07355657,235,63.00373911857605,1.806392,0.009578296,0.0,0.5472923815250397,146432,2,638.8
0.060474433,-4.85,0.060474433,237,63.42340278625488,1.7660202,0.011128305,0.0,0.7134654819965363,147456,2,637.8
0.061968595,-4.85,0.061968595,238,63.82471203804016,1.691307,0.008726802,0.0,0.6917600631713867,148480,1,636.2
0.07012196,-4.85,0.07012196,240,64.23247909545898,1.7299381,0.010158366,0.0,0.7970302104949951,149504,2,638.7
0.061802104,-4.85,0.061802104,241,64.63388204574585,1.7863849,0.009274875,0.0,0.6223171651363373,150528,1,643.7
0.0713784,-4.825,0.0713784,243,65.11338686943054,1.7426432,0.009414662,0.0,0.6937626302242279,151552,2,639.9
0.071296155,-4.825,0.071296155,244,65.51660799980164,1.735439,0.009996904,0.0,0.8073935061693192,152576,1,640.95
0.06527828,-4.825,0.06527828,246,65.94974398612976,1.7656565,0.010821602,0.0,0.7010893225669861,153600,2,644.65
0.06495762,-4.825,0.06495762,247,66.35299587249756,1.7672021,0.009476386,0.0,0.5383574366569519,154624,1,643.425
0.065877974,-4.8,0.065877974,249,66.80057907104492,1.7029407,0.009808735,0.0,0.5827473998069763,155648,2,654.675
0.061474394,-4.825,0.061474394,251,67.2008969783783,1.7752981,0.009930737,0.0,0.6423534452915192,156672,2,644.9
0.074173585,-4.85,0.074173585,253,67.6015031337738,1.7693629,0.011631405,0.0,0.6659417152404785,157696,2,637.275
0.0792211,-4.85,0.0792211,254,68.01414322853088,1.6942537,0.010977678,0.0,0.795741617679596,158720,1,642.475
0.064062685,-4.875,0.064062685,256,68.41005897521973,1.6917298,0.009273474,0.0,0.7720410227775574,159744,2,646.4
0.06221885,-4.875,0.06221885,257,68.80808901786804,1.7319931,0.0099126855,0.0,0.8264981955289841,160768,1,637.15
0.063185185,-4.875,0.063185185,259,69.22996807098389,1.665943,0.010977069,0.0,0.7136638164520264,161792,2,648.225
0.06005092,-4.85,0.06005092,260,69.63421702384949,1.7040497,0.010159217,0.0,0.6692765355110168,162816,1,643.35
0.06577057,-4.85,0.06577057,262,70.0641860961914,1.662626,0.0100831855,0.0,0.6627393662929535,163840,2,640.85
0.06679689,-4.85,0.06679689,263,70.468416929245,1.7001004,0.010515489,0.0,0.580475240945816,164864,1,651.6
0.079738624,-4.85,0.079738624,264,70.89620399475098,1.67184,0.010795601,0.0,0.5297897458076477,165888,1,648.8
0.071825475,-4.85,0.071825475,266,71.33584594726562,1.7202895,0.008641408,0.0,0.6548516750335693,166912,2,652.15
0.08394364,-4.825,0.08394364,267,71.73806309700012,1.6969856,0.009795364,0.0,0.5348769426345825,167936,1,650.25
0.08410004,-4.825,0.08410004,269,72.14438605308533,1.7375461,0.010644998,0.0,0.7959874868392944,168960,2,645.875
0.07230152,-4.8,0.07230152,270,72.5334141254425,1.7520378,0.009400258,0.0,0.48658716678619385,169984,1,656.575
0.07058799,-4.8,0.07058799,271,72.95987105369568,1.7136886,0.009875578,0.0,0.7608249932527542,171008,1,659.7
0.065904416,-4.775,0.065904416,273,73.38108205795288,1.7287247,0.011599433,0.0,0.7802693992853165,172032,2,667.975
0.06855206,-4.775,0.06855206,274,73.78684306144714,1.7200898,0.010487668,0.0,0.7470454275608063,173056,1,669.7
0.064102486,-4.775,0.064102486,276,74.18947696685791,1.7140043,0.010496184,0.0,0.7372665107250214,174080,2,683.3
0.06483358,-4.775,0.06483358,277,74.6106789112091,1.7107509,0.008739719,0.0,0.7861065566539764,175104,1,682.975
0.063353315,-4.775,0.063353315,279,75.05320906639099,1.7168132,0.009404123,0.0,0.780515655875206,176128,2,677.75
0.08533448,-4.775,0.08533448,280,75.48893618583679,1.6831897,0.012710937,0.0,0.4851980209350586,177152,1,674.7
0.06280274,-4.775,0.06280274,282,75.912428855896,1.6896391,0.010462221,0.0,0.7165268063545227,178176,2,675.725
0.059960444,-4.775,0.059960444,284,76.32925796508789,1.6978756,0.010630739,0.0,0.7613638043403625,179200,2,678.375
0.07749991,-4.775,0.07749991,285,76.85386800765991,1.695198,0.009726495,0.0,0.7734998315572739,180224,1,677.65
0.0689969,-4.75,0.0689969,287,77.25331497192383,1.7087728,0.01137923,0.0,0.7470489740371704,181248,2,676.175
0.06326381,-4.775,0.06326381,289,77.71307301521301,1.7213771,0.00909882,0.0,0.7201029062271118,182272,2,663.175
0.06103004,-4.775,0.06103004,291,78.11753582954407,1.6876066,0.011506682,0.0,0.5887210667133331,183296,2,667.025
0.06803947,-4.775,0.06803947,292,78.52030086517334,1.6711758,0.010651588,0.0,0.6422789096832275,184320,1,665.7
0.083532795,-4.775,0.083532795,294,78.9191210269928,1.6658583,0.011833868,0.0,0.7633117139339447,185344,2,672.75
0.05585633,-4.75,0.05585633,295,79.31560587882996,1.685116,0.0094499905,0.0,0.5278320014476776,186368,1,674.625
0.07120554,-4.725,0.07120554,297,79.71659684181213,1.7053349,0.0108946385,0.0,0.6828452944755554,187392,2,674.7
0.07715518,-4.7,0.07715518,298,80.15053200721741,1.721248,0.009073805,0.0,0.6206529438495636,188416,1,678.775
0.07315689,-4.7,0.07315689,299,80.54913306236267,1.6739836,0.010213825,0.0,0.8477801233530045,189440,1,678.3
0.06189632,-4.725,0.06189632,301,80.95027279853821,1.6636214,0.010778053,0.0,0.7828934639692307,190464,2,686.925
0.078099415,-4.7,0.078099415,302,81.34959983825684,1.6542925,0.010680028,0.0,0.6867039501667023,191488,1,685.75
0.06479508,-4.7,0.06479508,303,81.78209805488586,1.6579989,0.010248147,0.0,0.7428568601608276,192512,1,683.3
0.102599345,-4.725,0.102599345,305,82.18603801727295,1.6936747,0.01434954,0.0,0.7908423542976379,193536,2,678.825
0.06619346,-4.775,0.06619346,307,82.58943295478821,1.687882,0.009142786,0.0,0.7601165324449539,194560,2,672.875
0.06328316,-4.775,0.06328316,308,83.0160460472107,1.6757677,0.010857789,0.0,0.7584961354732513,195584,1,669.925
0.06694042,-4.8,0.06694042,310,83.4232931137085,1.6866863,0.0094335135,0.0,0.6753808856010437,196608,2,667.5
0.06925711,-4.8,0.06925711,311,83.86957597732544,1.700422,0.010149082,0.0,0.6703297197818756,197632,1,669.1
0.07103028,-4.825,0.07103028,313,84.27514696121216,1.6811473,0.011234651,0.0,0.7838349640369415,198656,2,666.9
0.073045984,-4.85,0.073045984,314,84.671639919281,1.6744695,0.010120848,0.0,0.7435536980628967,199680,1,664.0
0.09128662,-4.85,0.09128662,317,85.0875518321991,1.7011089,0.010156796,0.0,0.4922800660133362,200704,3,646.2
0.062945634,-4.825,0.062945634,319,85.49829697608948,1.6695968,0.010137953,0.0,0.6182417273521423,201728,2,645.4
0.07458445,-4.825,0.07458445,320,85.89263391494751,1.6480205,0.01267008,0.0,0.618744432926178,202752,1,648.175
0.068287045,-4.85,0.068287045,321,86.2874641418457,1.6278126,0.010072539,0.0,0.7020576894283295,203776,1,640.75
0.06484491,-4.85,0.06484491,323,86.70238995552063,1.65469,0.009882273,0.0,0.6569390892982483,204800,2,641.325
0.06930942,-4.85,0.06930942,324,87.1191520690918,1.6577743,0.011781264,0.0,0.7143923342227936,205824,1,651.425
0.07069463,-4.875,0.07069463,326,87.5757348537445,1.636759,0.011376016,0.0,0.8355218023061752,206848,2,653.175
0.0609112,-4.875,0.0609112,328,87.99207592010498,1.6502542,0.009577522,0.0,0.7455834448337555,207872,2,649.875
0.07320411,-4.875,0.07320411,330,88.39470720291138,1.6052964,0.011897147,0.0,0.730823814868927,208896,2,651.2
0.09621311,-4.875,0.09621311,331,88.80156993865967,1.6231331,0.0139897,0.0,0.8123573362827301,209920,1,654.175
0.06540993,-4.875,0.06540993,333,89.20151495933533,1.6377347,0.010343152,0.0,0.6842557489871979,210944,2,648.075
0.0658091,-4.875,0.0658091,334,89.62151908874512,1.6064188,0.010344572,0.0,0.7695333361625671,211968,1,654.75
0.07664389,-4.9,0.07664389,336,90.04786491394043,1.5653853,0.012408482,0.0,0.6964009404182434,212992,2,651.825
0.098228276,-4.925,0.098228276,338,90.49873185157776,1.6166507,0.009778423,0.0,0.5664169192314148,214016,2,645.75
0.06737468,-4.925,0.06737468,339,90.94692707061768,1.609277,0.009601807,0.0,0.7173075079917908,215040,1,642.475
0.08484165,-4.9,0.08484165,341,91.35604596138,1.6226459,0.011398159,0.0,0.6811828017234802,216064,2,636.375
0.07861543,-4.925,0.07861543,342,91.7603371143341,1.6008064,0.011961885,0.0,0.7127531468868256,217088,1,632.5
0.0490513,-4.925,0.0490513,344,92.20085215568542,1.6513202,0.0037652927,0.0,0.7597134858369827,218112,2,626.375
0.06944327,-4.9,0.06944327,346,92.59782218933105,1.6893947,0.010057826,0.0,0.5392182469367981,219136,2,629.8
0.060884472,-4.9,0.060884472,348,92.99636483192444,1.6483831,0.009389369,0.0,0.8231104165315628,220160,2,625.25
0.091501124,-4.9,0.091501124,349,93.43075609207153,1.6574659,0.0119519085,0.0,0.7492872476577759,221184,1,621.175
0.07502964,-4.875,0.07502964,351,93.85065507888794,1.6089518,0.008855865,0.0,0.8020543903112411,222208,2,616.625
0.06923898,-4.875,0.06923898,353,94.25161099433899,1.6280578,0.0099568125,0.0,0.7180330157279968,223232,2,616.55
0.06424017,-4.875,0.06424017,354,94.64869379997253,1.6219487,0.010367464,0.0,0.7973459661006927,224256,1,614.825
0.0568627,-4.875,0.0568627,356,95.06585693359375,1.6056126,0.009928234,0.0,0.7207782566547394,225280,2,624.55
0.075716905,-4.9,0.075716905,358,95.47061800956726,1.6198835,0.01183255,0.0,0.7046441435813904,226304,2,628.4
0.065818176,-4.9,0.065818176,359,95.87628293037415,1.6021065,0.011181573,0.0,0.7583754509687424,227328,1,634.575
0.07233151,-4.9,0.07233151,360,96.2820839881897,1.5980779,0.011427868,0.0,0.7789554744958878,228352,1,638.5
0.119290575,-4.9,0.119290575,362,96.68543815612793,1.6174567,0.01053055,0.0,0.8005723655223846,229376,2,633.2
0.05959433,-4.9,0.05959433,364,97.08496713638306,1.6590408,0.01013389,0.0,0.6735970377922058,230400,2,624.475
0.07176213,-4.9,0.07176213,365,97.48401188850403,1.6164709,0.012900874,0.0,0.6806425452232361,231424,1,621.75
0.089859724,-4.9,0.089859724,367,97.957190990448,1.6483617,0.008935258,0.0,0.8150054067373276,232448,2,623.375
0.06965673,-4.9,0.06965673,369,98.3766188621521,1.6217251,0.008869152,0.0,0.5805387496948242,233472,2,634.65
0.06721749,-4.9,0.06721749,370,98.78586506843567,1.6431749,0.009715224,0.0,0.770219475030899,234496,1,628.375
0.063093334,-4.9,0.063093334,372,99.20661687850952,1.6298447,0.010308143,0.0,0.6974968910217285,235520,2,622.325
0.07621347,-4.9,0.07621347,374,99.63386106491089,1.620034,0.0111448625,0.0,0.5490033030509949,236544,2,620.4
0.0841766,-4.875,0.0841766,375,100.08485293388367,1.6149803,0.011787961,0.0,0.7268331348896027,237568,1,621.525
0.07761538,-4.875,0.07761538,377,100.50851392745972,1.665067,0.01058357,0.0,0.7745582461357117,238592,2,623.65
0.074946046,-4.9,0.074946046,378,100.9443302154541,1.5893497,0.011073866,0.0,0.6130085289478302,239616,1,627.825
0.080509014,-4.875,0.080509014,380,101.34158611297607,1.6751401,0.010643223,0.0,0.8337216526269913,240640,2,633.35
0.07811487,-4.9,0.07811487,381,101.75724411010742,1.6713697,0.0106902,0.0,0.7760767191648483,241664,1,628.775
0.08477865,-4.9,0.08477865,383,102.15826916694641,1.6389056,0.010363045,0.0,0.8470941931009293,242688,2,632.625
0.061872367,-4.925,0.061872367,385,102.55333018302917,1.6685154,0.00900112,0.0,0.7673235684633255,243712,2,632.25
0.07163475,-4.925,0.07163475,386,102.96380496025085,1.6283953,0.008594574,0.0,0.573232501745224,244736,1,633.45
0.06099651,-4.9,0.06099651,387,103.35684108734131,1.6361803,0.010379136,0.0,0.6935532689094543,245760,1,637.125
0.07331816,-4.9,0.07331816,389,103.75299596786499,1.6057682,0.010507956,0.0,0.6826336085796356,246784,2,650.275
0.061238326,-4.9,0.061238326,390,104.15060710906982,1.6279136,0.0110408915,0.0,0.857067197561264,247808,1,648.525
0.06928854,-4.9,0.06928854,392,104.54773902893066,1.6462027,0.0098802345,0.0,0.6558852791786194,248832,2,644.725
0.062717125,-4.875,0.062717125,394,104.9947190284729,1.6197011,0.010308164,0.0,0.6631931662559509,249856,2,649.85
0.07048203,-4.925,0.07048203,395,362.7976520061493,1.6568865,0.010701979,0.0,0.768949881196022,250880,1,653.7
0.05622626,-4.9,0.05622626,397,363.31718707084656,1.6026688,0.009946868,0.0,0.6130469441413879,251904,2,654.45
0.08863584,-4.9,0.08863584,398,363.7784879207611,1.5919547,0.012763612,0.0,0.7874932885169983,252928,1,658.725
0.06585541,-4.9,0.06585541,400,364.218829870224,1.67209,0.0113351755,0.0,0.6791394650936127,253952,2,647.275
0.07281341,-4.9,0.07281341,401,364.6283218860626,1.6328013,0.011185661,0.0,0.7661607563495636,254976,1,650.275
0.08312844,-4.9,0.08312844,403,365.1461601257324,1.6295694,0.011840725,0.0,0.7624320983886719,256000,2,649.175
0.07995692,-4.9,0.07995692,405,365.54960799217224,1.640821,0.011088835,0.0,0.7901665568351746,257024,2,647.425
0.070017,-4.9,0.070017,407,365.9814579486847,1.6369107,0.010239759,0.0,0.7193774580955505,258048,2,646.475
0.07937716,-4.9,0.07937716,408,366.37053990364075,1.5805993,0.013902016,0.0,0.7554638236761093,259072,1,649.85
0.06488533,-4.9,0.06488533,410,366.79009079933167,1.6209385,0.011147398,0.0,0.762755736708641,260096,2,640.975
0.06819567,-4.9,0.06819567,412,367.22990703582764,1.6184239,0.012025561,0.0,0.8124251812696457,261120,2,647.0
0.061374888,-4.9,0.061374888,414,367.6288230419159,1.6000137,0.011175466,0.0,0.7831591069698334,262144,2,645.925
0.06180567,-4.925,0.06180567,415,368.05464792251587,1.6101661,0.011432879,0.0,0.6185027062892914,263168,1,648.125
0.06914312,-4.925,0.06914312,417,368.6008269786835,1.6045065,0.012533417,0.0,0.7144016623497009,264192,2,646.25
0.062899925,-4.925,0.062899925,418,369.0185549259186,1.5721811,0.010010942,0.0,0.7989544123411179,265216,1,640.125
0.08335702,-4.95,0.08335702,420,369.4541668891907,1.6214412,0.011141051,0.0,0.6765197813510895,266240,2,636.975
0.067914225,-4.95,0.067914225,422,369.9116761684418,1.6101164,0.010934438,0.0,0.7866632640361786,267264,2,635.925
0.07753495,-4.95,0.07753495,423,370.36747694015503,1.6024053,0.01222905,0.0,0.5259377360343933,268288,1,630.7
0.084369615,-4.925,0.084369615,424,370.8099308013916,1.5906519,0.012224561,0.0,0.7541228085756302,269312,1,639.75
0.0741936,-4.85,0.0741936,426,371.2110240459442,1.5664134,0.011829918,0.0,0.7690245658159256,270336,2,647.45
0.06758338,-4.875,0.06758338,427,371.6327359676361,1.5901923,0.009597652,0.0,0.7789946794509888,271360,1,643.45
0.06883917,-4.875,0.06883917,429,372.01870608329773,1.5653769,0.011863489,0.0,0.6991101503372192,272384,2,637.825
0.072049335,-4.9,0.072049335,431,372.4428300857544,1.5407927,0.011173354,0.0,0.6647816002368927,273408,2,632.225
0.07228859,-4.9,0.07228859,432,372.8762321472168,1.5445595,0.011270968,0.0,0.4942733645439148,274432,1,635.025
0.068814375,-4.925,0.068814375,434,373.3147780895233,1.5444607,0.0112270005,0.0,0.5711994171142578,275456,2,638.375
0.05950808,-4.875,0.05950808,435,373.7629690170288,1.5597868,0.011251336,0.0,0.6229554414749146,276480,1,636.5
0.07511975,-4.875,0.07511975,437,374.2093548774719,1.540844,0.010757891,0.0,0.578201025724411,277504,2,635.75
0.06488852,-4.825,0.06488852,438,374.5898349285126,1.4983678,0.010176625,0.0,0.37832576036453247,278528,1,640.8
0.035850797,-4.825,0.035850797,439,375.00282311439514,1.4952264,0.004253358,0.0,0.6908993124961853,279552,1,640.85
0.08162184,-4.75,0.08162184,441,375.4325370788574,1.5246452,0.011987249,0.0,0.5169322490692139,280576,2,649.975
0.06380452,-4.75,0.06380452,442,375.85828018188477,1.5063204,0.010078511,0.0,0.7388752996921539,281600,1,651.725
0.07968218,-4.75,0.07968218,444,376.3080439567566,1.527039,0.009356062,0.0,0.7268761694431305,282624,2,655.875
0.07081395,-4.75,0.07081395,446,376.7390899658203,1.5393455,0.00931749,0.0,0.724380612373352,283648,2,659.5
0.06944166,-4.75,0.06944166,447,377.13013219833374,1.5154994,0.011675416,0.0,0.6353620290756226,284672,1,668.55
0.06779325,-4.75,0.06779325,448,377.54840302467346,1.5501549,0.013581203,0.0,0.5546335279941559,285696,1,672.1
0.07193114,-4.75,0.07193114,450,377.95581889152527,1.5918596,0.012804927,0.0,0.6889424026012421,286720,2,668.3
0.06385627,-4.75,0.06385627,452,378.39184498786926,1.5069891,0.0104357535,0.0,0.7521896660327911,287744,2,669.1
0.06252114,-4.75,0.06252114,453,378.80573892593384,1.5606892,0.0110213775,0.0,0.7116819620132446,288768,1,671.625
0.06589115,-4.75,0.06589115,455,379.23284220695496,1.4612296,0.011492774,0.0,0.8100236058235168,289792,2,663.6
0.07081281,-4.75,0.07081281,457,379.6495289802551,1.5690717,0.011110317,0.0,0.8178382217884064,290816,2,661.275
0.06491159,-4.75,0.06491159,459,380.12391901016235,1.5367131,0.009394591,0.0,0.6402203142642975,291840,2,659.025
0.07156466,-4.75,0.07156466,459,380.5365879535675,1.4399134,0.011400175,0.0,0.6811698973178864,292864,0,659.025
0.07535069,-4.7,0.07535069,461,380.9316580295563,1.5851719,0.012726681,0.0,0.594181090593338,293888,2,671.65
0.07090794,-4.7,0.07090794,462,381.3348581790924,1.469085,0.0100119775,0.0,0.7374383509159088,294912,1,678.15
0.066144265,-4.725,0.066144265,464,381.7402358055115,1.4639897,0.010403726,0.0,0.79569873213768,295936,2,673.85
0.06877378,-4.8,0.06877378,466,382.55845284461975,1.4889691,0.009502695,0.0,0.7154769599437714,296960,2,664.225
0.08767258,-4.8,0.08767258,467,383.1195340156555,1.5231702,0.010606291,0.0,0.7300891876220703,297984,1,669.25
0.06759261,-4.8,0.06759261,469,383.6964020729065,1.5180211,0.010742832,0.0,0.6153895556926727,299008,2,670.875
0.07181277,-4.8,0.07181277,470,384.1942539215088,1.4724677,0.010166057,0.0,0.520391583442688,300032,1,684.725
0.06820059,-4.8,0.06820059,471,384.7455060482025,1.4690428,0.010547977,0.0,0.3872404098510742,301056,1,685.55
0.07935419,-4.775,0.07935419,473,385.2531681060791,1.5629086,0.010960119,0.0,0.7643825113773346,302080,2,679.5
0.09398498,-4.775,0.09398498,474,385.76855301856995,1.4710445,0.011705186,0.0,0.8019810318946838,303104,1,685.05
0.06467776,-4.8,0.06467776,476,386.237242937088,1.533263,0.009903578,0.0,0.6637013554573059,304128,2,672.275
0.09022671,-4.775,0.09022671,477,386.7219591140747,1.5021989,0.011321768,0.0,0.6676984429359436,305152,1,677.95
0.0651857,-4.825,0.0651857,479,387.35144996643066,1.448452,0.010508951,0.0,0.635236918926239,306176,2,674.85
0.07440128,-4.875,0.07440128,480,387.9047038555145,1.5324247,0.010933775,0.0,0.7641042619943619,307200,1,674.25
0.06355282,-4.9,0.06355282,482,388.4058301448822,1.5581415,0.010747316,0.0,0.6549017131328583,308224,2,669.65
0.086081415,-4.9,0.086081415,484,388.88188791275024,1.518006,0.012229467,0.0,0.731169730424881,309248,2,666.0
0.09210347,-4.875,0.09210347,485,389.3840301036835,1.5166514,0.008403693,0.0,0.7176620066165924,310272,1,672.225
0.06736608,-4.875,0.06736608,486,389.88443517684937,1.4884098,0.011089267,0.0,0.67069211602211,311296,1,676.375
0.069022134,-4.875,0.069022134,488,390.4124598503113,1.5106822,0.010476429,0.0,0.78460493683815,312320,2,665.175
0.069225974,-4.875,0.069225974,490,390.9745330810547,1.4628313,0.00988081,0.0,0.8317224830389023,313344,2,672.0
0.06115709,-4.875,0.06115709,491,391.44866704940796,1.4578402,0.010194752,0.0,0.6489835977554321,314368,1,675.15
0.066182874,-4.875,0.066182874,493,391.9463458061218,1.4624045,0.009885725,0.0,0.6829133629798889,315392,2,677.5
0.060675625,-4.875,0.060675625,494,392.41128492355347,1.5232035,0.010776118,0.0,0.7284172177314758,316416,1,678.45
0.07509284,-4.875,0.07509284,496,392.9870340824127,1.505954,0.011974966,0.0,0.7746774554252625,317440,2,679.0
0.07766333,-4.875,0.07766333,497,393.433611869812,1.4656858,0.013929632,0.0,0.7588014900684357,318464,1,680.175
0.06426947,-4.875,0.06426947,499,393.85455799102783,1.5079906,0.010751497,0.0,0.7671119570732117,319488,2,682.925
0.07415334,-4.925,0.07415334,501,394.30330204963684,1.4901276,0.010406804,0.0,0.8526497036218643,320512,2,673.775
0.043495584,-4.925,0.043495584,502,394.75282096862793,1.5331888,0.003923171,0.0,0.7321392297744751,321536,1,673.975
0.066635415,-4.925,0.066635415,504,395.2204170227051,1.4559706,0.011694363,0.0,0.6495177149772644,322560,2,672.05
0.09248722,-4.925,0.09248722,505,395.7129559516907,1.4457593,0.010831417,0.0,0.7666309475898743,323584,1,679.725
0.065651715,-4.925,0.065651715,506,396.22166323661804,1.449304,0.010518333,0.0,0.6826783120632172,324608,1,685.75
0.09028414,-4.875,0.09028414,507,396.7343430519104,1.4391602,0.013310711,0.0,0.7854063659906387,325632,1,693.15
0.06293065,-4.85,0.06293065,509,397.24144101142883,1.4646724,0.011491761,0.0,0.6383035480976105,326656,2,689.825
0.06538296,-4.85,0.06538296,510,397.7229459285736,1.4329712,0.012400793,0.0,0.7704498320817947,327680,1,684.475
0.06270385,-4.85,0.06270385,511,398.25658798217773,1.4224536,0.009842399,0.0,0.5743160545825958,328704,1,688.2
0.06695232,-4.875,0.06695232,513,398.6975829601288,1.4824097,0.010446524,0.0,0.6880960464477539,329728,2,689.15
0.057972595,-4.875,0.057972595,515,399.2152578830719,1.4603772,0.0101860175,0.0,0.726158857345581,330752,2,679.875
0.06598055,-4.875,0.06598055,516,399.66036796569824,1.4284753,0.011056216,0.0,0.7473492324352264,331776,1,685.35
0.07262792,-4.9,0.07262792,518,400.1131579875946,1.4456503,0.011758108,0.0,0.7042885720729828,332800,2,677.875
0.0687057,-4.875,0.0687057,519,400.54623103141785,1.3837221,0.011538334,0.0,0.5811719596385956,333824,1,676.025
0.07376622,-4.875,0.07376622,521,401.01026606559753,1.4924269,0.010297969,0.0,0.5571820735931396,334848,2,685.125
0.06690948,-4.875,0.06690948,523,401.52052998542786,1.4490676,0.010764901,0.0,0.7419578731060028,335872,2,681.325
0.06992463,-4.875,0.06992463,524,401.9459810256958,1.4057429,0.010714663,0.0,0.6512490808963776,336896,1,683.425
0.07583754,-4.9,0.07583754,526,402.37459802627563,1.3831501,0.009254883,0.0,0.6891702711582184,337920,2,678.65
0.0645231,-4.9,0.0645231,527,402.80815505981445,1.4090159,0.009507686,0.0,0.7173510491847992,338944,1,672.275
0.06936474,-4.9,0.06936474,529,403.25562500953674,1.4388756,0.011769297,0.0,0.7783184498548508,339968,2,676.125
0.06625777,-4.9,0.06625777,531,403.80569887161255,1.4018567,0.011267252,0.0,0.5437677502632141,340992,2,674.5
0.08192986,-4.875,0.08192986,532,404.27255487442017,1.483734,0.010501215,0.0,0.6836638748645782,342016,1,674.625
0.07579711,-4.875,0.07579711,534,404.72275710105896,1.436261,0.011512088,0.0,0.761881873011589,343040,2,675.025
0.06876264,-4.875,0.06876264,535,405.18082094192505,1.4341664,0.012034558,0.0,0.7211155593395233,344064,1,674.875
0.07409813,-4.85,0.07409813,537,405.5894329547882,1.4577116,0.010550315,0.0,0.7145998775959015,345088,2,681.95
0.06841965,-4.85,0.06841965,538,406.00588607788086,1.4297202,0.012022916,0.0,0.5265468060970306,346112,1,680.225
0.06424232,-4.85,0.06424232,540,406.4118719100952,1.4970968,0.010775978,0.0,0.7491405010223389,347136,2,674.175
0.07241096,-4.85,0.07241096,542,406.8536219596863,1.4466624,0.012905961,0.0,0.776606559753418,348160,2,670.3
0.061946526,-4.825,0.061946526,544,407.2544848918915,1.4609497,0.008999189,0.0,0.688206285238266,349184,2,668.8
0.0693467,-4.825,0.0693467,545,407.67343401908875,1.468308,0.00990933,0.0,0.6407950818538666,350208,1,654.675
0.06850388,-4.875,0.06850388,547,408.20137000083923,1.4070888,0.011094542,0.0,0.6705698072910309,351232,2,643.45
0.077829555,-4.875,0.077829555,548,408.63607907295227,1.3981535,0.012592109,0.0,0.7330121397972107,352256,1,644.225
0.108514555,-4.875,0.108514555,550,409.05198192596436,1.449298,0.010425544,0.0,0.6235629618167877,353280,2,641.65
0.11122591,-4.875,0.11122591,551,409.49357986450195,1.5043002,0.011903862,0.0,0.5527373850345612,354304,1,646.575
0.091347724,-4.85,0.091347724,552,409.9253659248352,1.4264845,0.012782511,0.0,0.7380654215812683,355328,1,652.65
0.06697325,-4.85,0.06697325,553,410.36137199401855,1.3987399,0.012607448,0.0,0.5206214785575867,356352,1,659.95
0.07364001,-4.85,0.07364001,555,410.7834589481354,1.4789205,0.011705799,0.0,0.7623526006937027,357376,2,669.875
0.07637231,-4.85,0.07637231,556,411.239679813385,1.4166827,0.013064573,0.0,0.788006603717804,358400,1,670.625
0.09153736,-4.85,0.09153736,558,411.654433965683,1.4975219,0.012512538,0.0,0.7084043920040131,359424,2,669.75
0.093195915,-4.875,0.093195915,560,412.07055711746216,1.4640921,0.011141662,0.0,0.5915933847427368,360448,2,651.775
0.07065065,-4.85,0.07065065,562,412.5111620426178,1.4672339,0.010019907,0.0,0.7477727830410004,361472,2,657.125
0.07867922,-4.85,0.07867922,563,413.02022314071655,1.4710582,0.011453816,0.0,0.7406070530414581,362496,1,657.8
0.070437774,-4.85,0.070437774,564,413.7552649974823,1.4651228,0.012378603,0.0,0.6224976181983948,363520,1,660.325
0.07182083,-4.85,0.07182083,566,414.19928216934204,1.4544722,0.011355823,0.0,0.6528996229171753,364544,2,663.725
0.06654842,-4.85,0.06654842,568,414.81878304481506,1.4500661,0.0111898,0.0,0.778126522898674,365568,2,661.025
0.06471123,-4.85,0.06471123,569,415.56983375549316,1.4532717,0.011742808,0.0,0.7587946504354477,366592,1,659.1
0.08669409,-4.85,0.08669409,571,416.1636869907379,1.4033933,0.013953039,0.0,0.6991077661514282,367616,2,663.125
0.08665869,-4.85,0.08665869,572,416.6106150150299,1.3742442,0.010936429,0.0,0.6164166927337646,368640,1,662.6
0.07259799,-4.85,0.07259799,574,416.99185609817505,1.516792,0.011458833,0.0,0.7921489179134369,369664,2,667.275
0.037707753,-4.85,0.037707753,575,417.3854880332947,1.3689867,0.0040347856,0.0,0.7369548678398132,370688,1,663.125
0.065250605,-4.875,0.065250605,577,417.7942440509796,1.3834577,0.011256763,0.0,0.4714623689651489,371712,2,658.375
0.07172452,-4.875,0.07172452,579,418.15450501441956,1.4491549,0.011436442,0.0,0.5700156986713409,372736,2,655.55
0.07352245,-4.875,0.07352245,580,418.5332131385803,1.4042673,0.011667507,0.0,0.6776879131793976,373760,1,656.825
0.072552264,-4.875,0.072552264,582,418.9791331291199,1.5008588,0.012116471,0.0,0.6677202582359314,374784,2,662.15
0.0782648,-4.9,0.0782648,584,419.35609102249146,1.3892869,0.011610623,0.0,0.4633638262748718,375808,2,665.6
0.06852773,-4.9,0.06852773,585,419.767431974411,1.4513462,0.011248857,0.0,0.7404197752475739,376832,1,665.7
0.06779375,-4.9,0.06779375,587,420.2054281234741,1.4577384,0.011279875,0.0,0.6831291615962982,377856,2,662.975
0.0696208,-4.9,0.0696208,588,420.6061542034149,1.3423889,0.013246214,0.0,0.7913777381181717,378880,1,662.025
0.076976456,-4.925,0.076976456,590,420.9651942253113,1.3697913,0.012726799,0.0,0.6482729017734528,379904,2,672.45
0.07123947,-4.925,0.07123947,591,421.3367772102356,1.4213791,0.010883555,0.0,0.6618883907794952,380928,1,657.675
0.07747861,-4.95,0.07747861,593,421.7376410961151,1.3521327,0.012075067,0.0,0.7704387605190277,381952,2,643.925
0.07373029,-4.95,0.07373029,595,422.1256899833679,1.367652,0.011405036,0.0,0.6255094110965729,382976,2,644.175
0.07622877,-4.95,0.07622877,596,422.5190370082855,1.3665559,0.014935015,0.0,0.6080023646354675,384000,1,647.925
0.071472265,-4.95,0.071472265,597,422.88848090171814,1.4069746,0.011181646,0.0,0.7695241570472717,385024,1,651.575
0.065773994,-4.95,0.065773994,599,423.26409697532654,1.3437933,0.009275581,0.0,0.7789667546749115,386048,2,648.5
0.06947963,-4.95,0.06947963,600,423.7111849784851,1.3309839,0.012375258,0.0,0.7212809026241302,387072,1,657.55
0.07814044,-4.975,0.07814044,602,424.1803858280182,1.4032804,0.012636891,0.0,0.6284638345241547,388096,2,660.8
0.083165154,-4.925,0.083165154,603,424.5980818271637,1.3565395,0.014039472,0.0,0.5139994323253632,389120,1,671.9
0.08538978,-4.925,0.08538978,604,425.1150381565094,1.3696398,0.011564612,0.0,0.674174964427948,390144,1,667.475
0.07244022,-4.925,0.07244022,606,425.5496759414673,1.373444,0.0095727295,0.0,0.79190993309021,391168,2,664.425
0.090073414,-4.9,0.090073414,607,425.9461090564728,1.364449,0.012068192,0.0,0.49431312084198,392192,1,678.025
0.07020254,-4.875,0.07020254,608,426.3379371166229,1.3463187,0.012119592,0.0,0.49337905645370483,393216,1,686.075
0.06669201,-4.875,0.06669201,609,426.75291895866394,1.3166789,0.010725232,0.0,0.5739601254463196,394240,1,694.725
0.06618917,-4.875,0.06618917,611,427.14471197128296,1.333986,0.01143034,0.0,0.6253380477428436,395264,2,689.425
0.06758157,-4.9,0.06758157,612,427.53403520584106,1.3044794,0.011013108,0.0,0.4637089967727661,396288,1,697.8
0.0729081,-4.9,0.0729081,613,427.95385098457336,1.3372933,0.010631144,0.0,0.5108202397823334,397312,1,694.95
0.06662422,-4.9,0.06662422,615,428.3377079963684,1.3568274,0.011246365,0.0,0.7766312062740326,398336,2,699.725
0.062470127,-4.9,0.062470127,616,428.7426631450653,1.2937193,0.011755323,0.0,0.5280970335006714,399360,1,708.375
0.076284766,-4.9,0.076284766,617,429.15753507614136,1.3317927,0.012115776,0.0,0.7485758066177368,400384,1,708.925
0.070224255,-4.9,0.070224255,619,429.5558030605316,1.3486843,0.009832732,0.0,0.7602583765983582,401408,2,712.35
0.07467693,-4.875,0.07467693,620,429.9569640159607,1.2858999,0.014036005,0.0,0.7303850650787354,402432,1,719.425
0.10190414,-4.875,0.10190414,622,430.3717908859253,1.2643194,0.014398808,0.0,0.7321926653385162,403456,2,720.95
0.09983551,-4.875,0.09983551,623,430.7634358406067,1.3534226,0.010281962,0.0,0.5166935324668884,404480,1,723.075
0.08219271,-4.85,0.08219271,625,431.1547119617462,1.322701,0.01208252,0.0,0.7248845994472504,405504,2,727.45
0.067618996,-4.85,0.067618996,625,431.5374188423157,1.2468867,0.011508679,0.0,0.5951678156852722,406528,0,727.45
0.06719794,-4.85,0.06719794,627,431.91728806495667,1.3517213,0.011997702,0.0,0.7146203219890594,407552,2,739.825
0.06997848,-4.85,0.06997848,629,432.3753471374512,1.3177571,0.011035054,0.0,0.5174058079719543,408576,2,736.925
0.06621605,-4.8,0.06621605,630,432.7913761138916,1.313723,0.010397637,0.0,0.7030503153800964,409600,1,737.325
0.07247356,-4.8,0.07247356,631,433.1615788936615,1.3134043,0.010888059,0.0,0.7401520013809204,410624,1,745.725
0.07594925,-4.8,0.07594925,633,433.58059191703796,1.3361609,0.010392553,0.0,0.7786645442247391,411648,2,742.725
0.078578144,-4.8,0.078578144,635,433.99083399772644,1.3216476,0.012095112,0.0,0.6626905500888824,412672,2,739.25
0.07705414,-4.8,0.07705414,636,434.3714249134064,1.3070701,0.01199026,0.0,0.4377405643463135,413696,1,736.525
0.072166264,-4.8,0.072166264,637,434.8124170303345,1.3004401,0.012586949,0.0,0.5134483873844147,414720,1,739.375
0.08156102,-4.775,0.08156102,639,435.23343992233276,1.2933533,0.010875575,0.0,0.5196104049682617,415744,2,753.5
0.06421947,-4.775,0.06421947,640,435.6218190193176,1.2733133,0.011558475,0.0,0.7819469273090363,416768,1,747.225
0.08867512,-4.775,0.08867512,641,436.01026701927185,1.2685208,0.011628098,0.0,0.6829346418380737,417792,1,752.525
0.068932384,-4.825,0.068932384,643,436.37730503082275,1.3198831,0.013787487,0.0,0.761974573135376,418816,2,741.825
0.089653164,-4.825,0.089653164,644,436.83123111724854,1.3568825,0.011784725,0.0,0.7223932147026062,419840,1,743.225
0.083448574,-4.825,0.083448574,646,437.23998498916626,1.2740092,0.012545677,0.0,0.7506561726331711,420864,2,743.15
0.0745884,-4.85,0.0745884,647,437.6176311969757,1.326343,0.011319801,0.0,0.6636732220649719,421888,1,733.625
0.0756519,-4.85,0.0756519,649,437.98652601242065,1.3193371,0.012980878,0.0,0.6542424857616425,422912,2,722.55
0.06845708,-4.85,0.06845708,650,438.35409283638,1.3108166,0.011952294,0.0,0.6543916165828705,423936,1,723.8
0.06674592,-4.85,0.06674592,652,438.7282021045685,1.3285738,0.010475325,0.0,0.7346001267433167,424960,2,713.95
0.0625769,-4.85,0.0625769,653,439.1131098270416,1.2951822,0.009497252,0.0,0.5471228659152985,425984,1,721.5
0.06973177,-4.85,0.06973177,655,439.5210678577423,1.3340988,0.011506308,0.0,0.6797226667404175,427008,2,717.4
0.066403955,-4.85,0.066403955,656,439.8946490287781,1.2579737,0.010325793,0.0,0.44932669401168823,428032,1,716.375
0.0666,-4.85,0.0666,657,440.3253688812256,1.2543314,0.011539992,0.0,0.6775862574577332,429056,1,720.05
0.06620379,-4.85,0.06620379,659,440.8251519203186,1.2998829,0.011838176,0.0,0.716894805431366,430080,2,714.45
0.08413589,-4.875,0.08413589,660,441.24886894226074,1.2382796,0.013250195,0.0,0.4692642092704773,431104,1,711.95
0.054946765,-4.825,0.054946765,662,441.66306495666504,1.2041736,0.011732071,0.0,0.7201918065547943,432128,2,715.7
0.06787649,-4.825,0.06787649,663,442.14906883239746,1.2135401,0.012982927,0.0,0.7018360793590546,433152,1,721.225
0.07658628,-4.85,0.07658628,664,442.5467519760132,1.2373257,0.011568464,0.0,0.6915830373764038,434176,1,723.95
0.07374168,-4.85,0.07374168,666,442.93418884277344,1.2848017,0.01170194,0.0,0.7039053738117218,435200,2,706.375
0.7872411,-4.85,0.7872411,668,443.32175493240356,1.2859898,0.013318747,0.0,0.8562483191490173,436224,2,708.225
0.08757955,-4.85,0.08757955,669,443.7035880088806,1.2495794,0.013376587,0.0,0.6656687557697296,437248,1,706.65
0.06294812,-4.9,0.06294812,671,444.1059470176697,1.2800982,0.0132272225,0.0,0.6381316781044006,438272,2,702.275
0.07460512,-4.9,0.07460512,672,444.5328459739685,1.26044,0.011994733,0.0,0.7034128904342651,439296,1,706.6
0.059404578,-4.875,0.059404578,673,445.2344329357147,1.2218904,0.0110820625,0.0,0.727016270160675,440320,1,713.5
0.10057888,-4.875,0.10057888,675,445.9827470779419,1.3237041,0.012619556,0.0,0.7193816304206848,441344,2,715.6
0.07490905,-4.875,0.07490905,676,446.47453713417053,1.2634544,0.012814827,0.0,0.6326432526111603,442368,1,724.75
0.084457904,-4.875,0.084457904,677,446.87386107444763,1.2277998,0.012549492,0.0,0.6452164947986603,443392,1,719.5
0.104147166,-4.85,0.104147166,678,447.23820304870605,1.1966666,0.010837083,0.0,0.8601828962564468,444416,1,720.175
0.08645372,-4.875,0.08645372,680,447.60108518600464,1.2633278,0.0105930725,0.0,0.761355847120285,445440,2,725.675
0.06027963,-4.875,0.06027963,682,447.97517824172974,1.3356748,0.010350224,0.0,0.6387402713298798,446464,2,712.7
0.064796336,-4.875,0.064796336,683,448.35373401641846,1.2425766,0.01050216,0.0,0.7163215577602386,447488,1,712.975
0.06946527,-4.875,0.06946527,684,448.73410296440125,1.301042,0.013228839,0.0,0.7439856827259064,448512,1,716.45
0.07353142,-4.875,0.07353142,686,449.09390807151794,1.1977932,0.010960039,0.0,0.7890799343585968,449536,2,719.5
0.06753628,-4.85,0.06753628,687,449.4546220302582,1.186826,0.013748586,0.0,0.6026417016983032,450560,1,728.225
0.07161325,-4.85,0.07161325,687,449.82931113243103,1.1957171,0.011616822,0.0,0.5355257093906403,451584,0,728.225
0.064437225,-4.875,0.064437225,689,450.2242441177368,1.2229812,0.010625065,0.0,0.6477085947990417,452608,2,738.65
0.06711854,-4.875,0.06711854,690,450.86349987983704,1.1627696,0.011170428,0.0,0.583126574754715,453632,1,734.775
0.06274726,-4.825,0.06274726,692,451.561066865921,1.2503558,0.011596745,0.0,0.39590972661972046,454656,2,739.55
0.045319647,-4.825,0.045319647,693,451.9722170829773,1.1881588,0.004044801,0.0,0.6902534067630768,455680,1,735.775
0.08928585,-4.825,0.08928585,695,452.35997796058655,1.186543,0.012443814,0.0,0.7204861640930176,456704,2,740.0
0.077734396,-4.825,0.077734396,697,452.72308897972107,1.2318423,0.010732185,0.0,0.514324277639389,457728,2,730.175
0.062929794,-4.825,0.062929794,698,453.0849530696869,1.1743962,0.0115967,0.0,0.5228949189186096,458752,1,727.1
0.061168686,-4.825,0.061168686,700,453.50192189216614,1.1688082,0.012285068,0.0,0.5183970928192139,459776,2,733.525
0.08337053,-4.875,0.08337053,701,453.88974499702454,1.2211317,0.012510293,0.0,0.6330032050609589,460800,1,721.85
0.06784128,-4.85,0.06784128,703,454.2663199901581,1.1704054,0.005212755,0.0,0.5300621092319489,461824,2,721.25
0.06703716,-4.85,0.06703716,703,454.6493752002716,1.1470023,0.010968156,0.0,0.6197934448719025,462848,0,721.25
0.065374106,-4.825,0.065374106,704,455.06824684143066,1.2049166,0.012046449,0.0,0.6699487864971161,463872,1,734.7
0.046089236,-4.8,0.046089236,706,455.4362950325012,1.1640526,0.004251865,0.0,0.7947714477777481,464896,2,745.3
0.07473336,-4.775,0.07473336,707,455.80622601509094,1.1119978,0.01104247,0.0,0.6820876002311707,465920,1,757.325
0.072151974,-4.775,0.072151974,708,456.1811192035675,1.1207006,0.010377241,0.0,0.7258811295032501,466944,1,765.575
0.07980615,-4.775,0.07980615,709,456.5903220176697,1.175569,0.01361626,0.0,0.6502373516559601,467968,1,775.35
0.060617223,-4.775,0.060617223,711,456.9629430770874,1.2557348,0.0105830245,0.0,0.7094799876213074,468992,2,766.8
0.07228728,-4.775,0.07228728,712,457.37083411216736,1.1900356,0.011228779,0.0,0.6199478805065155,470016,1,764.35
0.07277548,-4.8,0.07277548,713,458.0144910812378,1.1311667,0.012094989,0.0,0.3371613025665283,471040,1,764.025
0.06170078,-4.8,0.06170078,714,458.6202621459961,1.2119193,0.01027903,0.0,0.5571976602077484,472064,1,772.4
0.06739664,-4.8,0.06739664,716,459.2138159275055,1.1851301,0.013160393,0.0,0.6508760452270508,473088,2,766.75
0.07226527,-4.8,0.07226527,717,459.73560094833374,1.123523,0.01077682,0.0,0.6355776488780975,474112,1,771.675
0.059746876,-4.825,0.059746876,718,460.30317997932434,1.1460154,0.011110047,0.0,0.30140221118927,475136,1,766.55
0.08059028,-4.825,0.08059028,720,460.83685278892517,1.2469449,0.012312863,0.0,0.6729166209697723,476160,2,769.0
0.077516325,-4.825,0.077516325,721,461.3058819770813,1.1660202,0.0101677105,0.0,0.6967890858650208,477184,1,766.95
0.07234665,-4.825,0.07234665,723,461.75557589530945,1.1054897,0.01480729,0.0,0.6043199896812439,478208,2,775.125
0.07024278,-4.825,0.07024278,724,462.1853530406952,1.1377165,0.011749646,0.0,0.6458762586116791,479232,1,774.05
0.069079734,-4.825,0.069079734,725,462.60543394088745,1.197056,0.011703556,0.0,0.6631883680820465,480256,1,776.1
0.09962908,-4.8,0.09962908,726,463.2681040763855,1.1391902,0.014567371,0.0,0.4758368134498596,481280,1,781.425
0.07847511,-4.825,0.07847511,728,463.91236996650696,1.1896279,0.0135613615,0.0,0.7424704134464264,482304,2,766.975
0.082822666,-4.825,0.082822666,729,464.5303831100464,1.124599,0.013106201,0.0,0.7268447577953339,483328,1,765.2
0.0712878,-4.875,0.0712878,731,465.0607759952545,1.1422997,0.014280882,0.0,0.7081524729728699,484352,2,760.125
0.047340937,-4.85,0.047340937,732,465.76113295555115,1.0819778,0.0045984816,0.0,0.4695749878883362,485376,1,769.325
0.03697595,-4.85,0.03697595,734,466.34833812713623,1.1575549,0.004235093,0.0,0.7340494394302368,486400,2,763.9
0.08027637,-4.85,0.08027637,735,466.7861008644104,1.0758853,0.013230709,0.0,0.7241261899471283,487424,1,763.6
0.055213433,-4.825,0.055213433,736,467.262934923172,1.0602171,0.011052746,0.0,0.492709755897522,488448,1,765.625
0.06917201,-4.825,0.06917201,738,467.6574020385742,1.1422424,0.011632975,0.0,0.6436233222484589,489472,2,772.725
0.07093281,-4.825,0.07093281,739,468.0408580303192,1.0701758,0.013953533,0.0,0.5658378601074219,490496,1,770.675
0.06244354,-4.825,0.06244354,740,468.4030771255493,1.1045709,0.013323176,0.0,0.6951445639133453,491520,1,778.5
0.04774928,-4.8,0.04774928,741,468.774080991745,1.0911398,0.0042064805,0.0,0.6091841161251068,492544,1,784.325
0.061339915,-4.825,0.061339915,743,469.2965199947357,1.0343325,0.010715693,0.0,0.675729900598526,493568,2,790.6
0.043666087,-4.85,0.043666087,744,469.74268794059753,1.094904,0.0043363203,0.0,0.6076899468898773,494592,1,776.475
0.0932236,-4.875,0.0932236,746,470.15987491607666,1.090005,0.014930066,0.0,0.6891128718852997,495616,2,774.0
0.08281645,-4.9,0.08281645,747,470.5935049057007,1.0682127,0.012034951,0.0,0.7755645662546158,496640,1,766.675
0.06350976,-4.9,0.06350976,748,470.97495889663696,1.095582,0.0041759526,0.0,0.4916791319847107,497664,1,756.575
0.0806326,-4.875,0.0806326,750,471.3709840774536,1.1345406,0.012774462,0.0,0.6869699954986572,498688,2,753.575
0.123039775,-4.875,0.123039775,751,471.7662889957428,1.0816396,0.012005724,0.0,0.6592415571212769,499712,1,759.85
