TimestepsSoFar,EpisodesSoFar,loss_ent,TimeElapsed,loss_pol_surr,EpThisIter,EpLenMean,loss_kl,EpRewMean,loss_vf_loss,ev_tdlam_before,loss_pol_entpen
4096,6,2.0708854,3.639618158340454,-0.013039921,6,645.0,0.008639733,-0.3333333333333333,0.035534155,-0.09036040306091309,0.0
8192,13,2.0626824,7.176748991012573,-0.008411147,7,627.1538461538462,0.0067149675,-0.23076923076923078,0.022329982,0.7237653732299805,0.0
12288,19,2.0590096,10.59414792060852,-0.009852691,6,634.6315789473684,0.007078239,0.10526315789473684,0.026826253,0.8640066236257553,0.0
16384,25,2.044998,14.055768013000488,-0.01366448,6,642.12,0.008694348,-0.4,0.017851183,0.8907948583364487,0.0
20480,31,2.033802,17.564602851867676,-0.010484192,6,649.8064516129032,0.008531627,-0.3225806451612903,0.02097675,0.8989614918828011,0.0
24576,38,2.0334055,20.711736917495728,-0.012064957,7,644.7105263157895,0.006548288,-0.2631578947368421,0.021359641,0.9227097481489182,0.0
28672,44,2.0165346,24.352622985839844,-0.011510536,6,650.5227272727273,0.0069567813,-0.25,0.026690956,0.9059147536754608,0.0
32768,50,2.005676,27.35948395729065,-0.010294508,6,649.42,0.0069702715,-0.3,0.030526314,0.8794719725847244,0.0
36864,56,2.0087438,30.5935480594635,-0.010369638,6,653.0,0.0058978787,-0.03571428571428571,0.025373904,0.8958769291639328,0.0
40960,62,1.9989604,34.17249321937561,-0.013244772,6,656.9032258064516,0.008273519,-0.03225806451612903,0.027527869,0.8810747638344765,0.0
45056,69,1.9781653,37.544901847839355,-0.016717063,7,651.7536231884058,0.00822558,-0.08695652173913043,0.020796893,0.9190322682261467,0.0
49152,74,1.9708145,41.204062938690186,-0.012189823,5,654.8108108108108,0.0060277935,-0.05405405405405406,0.027093614,0.9115881472826004,0.0
53248,81,1.9506404,44.68466806411743,-0.012692088,7,649.5555555555555,0.0076366495,-0.012345679012345678,0.029514339,0.9068001434206963,0.0
57344,87,1.91829,48.013405084609985,-0.013957657,6,653.2758620689655,0.0083793895,-0.10344827586206896,0.027908055,0.8959854617714882,0.0
61440,94,1.9005406,51.38220000267029,-0.014234665,7,650.4574468085107,0.00593304,0.06382978723404255,0.022989236,0.9012109711766243,0.0
65536,101,1.894649,54.68518614768982,-0.014543644,7,645.47,0.0072615077,0.05,0.022077393,0.9291455000638962,0.0
69632,108,1.8657085,58.23531699180603,-0.013898259,7,642.96,0.0073478296,-0.11,0.01896709,0.9314626902341843,0.0
73728,114,1.894837,62.0389142036438,-0.012427999,6,643.46,0.006954002,-0.05,0.030690923,0.9020508974790573,0.0
77824,120,1.8911947,65.36712980270386,-0.015689721,6,647.87,0.006822472,-0.07,0.02445696,0.9249686300754547,0.0
81920,127,1.8811682,68.82686281204224,-0.0129553955,7,642.32,0.0058626016,0.05,0.022550704,0.9347181916236877,0.0
86016,134,1.863859,72.52250695228577,-0.01803671,7,640.32,0.008193518,0.03,0.023340184,0.9195987731218338,0.0
90112,140,1.8709849,76.06030297279358,-0.013598915,6,640.8,0.0062351837,0.01,0.01935912,0.932832196354866,0.0
94208,146,1.8710275,80.0798659324646,-0.014109982,6,639.88,0.008057907,0.03,0.028151186,0.9016937762498856,0.0
98304,153,1.8962184,84.52290201187134,-0.012971838,7,636.29,0.007228599,-0.08,0.026676387,0.8914332166314125,0.0
102400,158,1.895114,125.64320993423462,-0.012085608,5,644.7,0.0072095315,-0.16,0.025945693,0.9298257380723953,0.0
106496,164,1.8872819,130.5446798801422,-0.01437947,6,640.95,0.0070129856,-0.16,0.03213902,0.9070412591099739,0.0
110592,170,1.8671165,135.61365008354187,-0.011945282,6,644.85,0.007707074,-0.1,0.02567021,0.9020414501428604,0.0
114688,176,1.8527659,140.73109793663025,-0.01242283,6,645.03,0.005979073,-0.13,0.025344424,0.9316800907254219,0.0
118784,183,1.8374808,145.60762286186218,-0.013088621,7,648.86,0.0075820726,-0.09,0.024459545,0.917769618332386,0.0
122880,189,1.8390656,150.72218084335327,-0.012934208,6,643.31,0.006716491,0.08,0.024230864,0.9307954534888268,0.0
126976,195,1.8135226,155.69872117042542,-0.016320782,6,648.92,0.009108475,-0.03,0.025771573,0.9253024756908417,0.0
131072,203,1.8074105,160.47346687316895,-0.0124812145,8,643.17,0.0065413527,-0.2,0.023320232,0.9417054131627083,0.0
135168,209,1.8159354,165.0433909893036,-0.014947672,6,648.9,0.008001302,-0.1,0.024022741,0.91441460698843,0.0
139264,216,1.8222516,169.81375789642334,-0.013624214,7,645.86,0.007373583,-0.16,0.028447071,0.9186456054449081,0.0
143360,222,1.8089079,174.5802891254425,-0.012814704,6,643.62,0.0055972096,-0.07,0.027071768,0.9249785467982292,0.0
147456,229,1.8052871,179.96927118301392,-0.011821813,7,643.01,0.0065867123,-0.1,0.026248565,0.9208600744605064,0.0
151552,235,1.7939688,185.15268206596375,-0.012992047,6,647.86,0.0063665044,-0.14,0.024597142,0.922442652285099,0.0
155648,241,1.78059,190.32999300956726,-0.014910108,6,646.6,0.0072935047,-0.27,0.022534588,0.9180505201220512,0.0
159744,248,1.7635527,194.99180006980896,-0.013336135,7,646.35,0.0071124164,-0.21,0.02263781,0.9289035648107529,0.0
163840,254,1.748318,199.83354091644287,-0.013432351,6,641.31,0.0058752983,-0.17,0.028360019,0.9104391187429428,0.0
167936,261,1.7383041,205.10587096214294,-0.015135693,7,637.05,0.0068354784,-0.13,0.022163806,0.9369368106126785,0.0
172032,268,1.7314366,210.14941692352295,-0.015734091,7,625.95,0.0052482435,-0.21,0.024773292,0.9390604794025421,0.0
176128,275,1.7125783,215.04006600379944,-0.012328157,7,620.16,0.0066015096,-0.36,0.025520677,0.9021079018712044,0.0
180224,282,1.7282856,219.90807509422302,-0.0154825505,7,621.37,0.006436745,-0.39,0.028264595,0.9241859391331673,0.0
184320,288,1.7474327,224.7888059616089,-0.015058773,6,618.35,0.0059530195,-0.47,0.025037419,0.9261917099356651,0.0
188416,295,1.7334672,229.83647298812866,-0.014171933,7,611.85,0.007282439,-0.33,0.02467186,0.9212081581354141,0.0
192512,302,1.7300135,234.642560005188,-0.014393609,7,618.22,0.0065935533,-0.24,0.025211928,0.9240942373871803,0.0
196608,309,1.7324353,239.37347316741943,-0.014854947,7,615.94,0.0059339,0.01,0.024466263,0.9198885336518288,0.0
200704,315,1.718108,296.3410828113556,-0.01418614,6,619.8,0.0073314817,-0.03,0.02306375,0.9253472536802292,0.0
204800,321,1.7121193,300.60536885261536,-0.014840392,6,619.81,0.0063582743,0.01,0.0293464,0.9063066393136978,0.0
208896,329,1.7038503,305.1591250896454,-0.018470831,8,612.86,0.0083571775,0.09,0.022601819,0.9360923245549202,0.0
212992,336,1.6888336,309.5597970485687,-0.014687541,7,607.89,0.007484433,0.15,0.022988107,0.9377023987472057,0.0
217088,342,1.7110829,314.10487699508667,-0.011282828,6,603.94,0.005469403,0.19,0.031560395,0.9086644425988197,0.0
221184,348,1.7121145,319.3898539543152,-0.014011347,6,613.78,0.006433515,0.2,0.028306622,0.9164685904979706,0.0
225280,355,1.6857038,324.69487500190735,-0.014708053,7,611.57,0.006829348,0.28,0.027085416,0.9100564643740654,0.0
229376,361,1.7207148,330.7568049430847,-0.015449605,6,612.37,0.007389891,0.37,0.027926233,0.9079819843173027,0.0
233472,366,1.6560551,336.03033900260925,-0.01564154,5,624.59,0.008306801,0.4,0.0261688,0.8916797041893005,0.0
237568,373,1.6162629,340.9474058151245,-0.016815435,7,632.09,0.0069901445,0.48,0.021465275,0.9156723916530609,0.0
241664,379,1.6417124,345.63410806655884,-0.014550544,6,630.69,0.006221014,0.48,0.02387577,0.9072158113121986,0.0
245760,386,1.605614,350.2000639438629,-0.012820069,7,632.72,0.005313134,0.44,0.024253989,0.9357291609048843,0.0
249856,393,1.6520135,355.2054159641266,-0.016795902,7,628.76,0.009044084,0.46,0.023697868,0.9238544553518295,0.0
253952,400,1.6536126,360.04576992988586,-0.012985233,7,628.04,0.005154535,0.29,0.020078136,0.925773024559021,0.0
258048,407,1.64511,365.0358920097351,-0.01430731,7,627.34,0.007084136,0.01,0.024153318,0.928009994328022,0.0
262144,414,1.6224614,369.59740018844604,-0.015669111,7,622.51,0.0074465293,-0.02,0.027879562,0.9105521515011787,0.0
266240,420,1.6266112,374.59390902519226,-0.01381444,6,622.75,0.0059748874,0.04,0.026948346,0.9234053045511246,0.0
270336,426,1.6436187,379.4180932044983,-0.017793784,6,628.58,0.006268849,0.12,0.02866505,0.8991830423474312,0.0
274432,432,1.6322504,384.3312478065491,-0.021202222,6,633.06,0.006988749,0.11,0.030295398,0.8846755623817444,0.0
278528,438,1.5994546,389.1002209186554,-0.014631665,6,639.57,0.006733164,0.11,0.022230094,0.922748290002346,0.0
282624,445,1.589756,393.6987509727478,-0.015604492,7,639.96,0.007055349,0.14,0.022242054,0.9170004427433014,0.0
286720,451,1.6014769,398.4381220340729,-0.014611968,6,632.22,0.006176735,0.05,0.023755256,0.9208987057209015,0.0
290816,457,1.5733097,403.22054290771484,-0.019203216,6,638.46,0.0064109536,-0.01,0.023509527,0.9295485764741898,0.0
294912,464,1.5797305,408.6111879348755,-0.019201178,7,634.91,0.0073996447,-0.03,0.021777237,0.9363991394639015,0.0
299008,470,1.5988781,413.85684299468994,-0.017858135,6,630.49,0.007169447,0.01,0.031024927,0.9215839356184006,0.0
303104,477,1.5554812,478.34093403816223,-0.015483674,7,631.43,0.0056989947,-0.03,0.024682373,0.900408573448658,0.0
307200,483,1.6002375,482.85926508903503,-0.017938834,6,628.08,0.008240961,0.05,0.024552045,0.8959877341985703,0.0
311296,490,1.5701978,487.7652130126953,-0.015522442,7,634.02,0.006001424,0.08,0.023388809,0.9159975796937943,0.0
315392,496,1.5885135,492.544686794281,-0.016103568,6,635.79,0.0065710964,0.11,0.02235267,0.9279124513268471,0.0
319488,502,1.5682794,498.00247716903687,-0.0169572,6,644.4,0.0063689165,0.18,0.01901678,0.9358937665820122,0.0
323584,508,1.5845406,503.36953997612,-0.019360662,6,650.53,0.007819265,0.21,0.03387086,0.896952286362648,0.0
327680,514,1.5740438,508.6007559299469,-0.021471422,6,655.0,0.009056418,0.26,0.027045187,0.9034443199634552,0.0
331776,520,1.5470775,513.2821609973907,-0.01813692,6,656.93,0.008106795,0.15,0.025716402,0.8992461487650871,0.0
335872,526,1.5634588,518.1199760437012,-0.017406994,6,655.41,0.0055977046,-0.04,0.020644682,0.9209655448794365,0.0
339968,532,1.5318234,522.7909240722656,-0.018297978,6,657.62,0.0063559436,-0.15,0.018779231,0.9217266067862511,0.0
344064,538,1.5424522,527.5488531589508,-0.018252008,6,657.29,0.0057851537,-0.19,0.017672716,0.9293543472886086,0.0
348160,545,1.5415797,532.2565040588379,-0.018594606,7,653.19,0.0076739085,-0.24,0.019883804,0.9296694621443748,0.0
352256,552,1.5315964,536.8695089817047,-0.017713323,7,649.32,0.00616293,-0.12,0.020714622,0.9328130558133125,0.0
356352,558,1.531477,541.3938510417938,-0.017472206,6,653.86,0.0073731323,-0.19,0.020500805,0.9220840632915497,0.0
360448,564,1.5218272,546.4193339347839,-0.019300735,6,653.15,0.0065821814,-0.24,0.024154097,0.9147832915186882,0.0
364544,570,1.528964,551.4645929336548,-0.017847454,6,658.64,0.0055632503,-0.28,0.021218698,0.9251784533262253,0.0
368640,576,1.4927133,556.0572440624237,-0.020686518,6,658.26,0.008504511,-0.32,0.025567897,0.9209463894367218,0.0
372736,582,1.4858985,560.6590740680695,-0.0172978,6,661.45,0.0078986995,-0.18,0.027899489,0.9059208482503891,0.0
376832,590,1.4577861,565.732547044754,-0.020657161,8,656.02,0.0060487688,-0.21,0.023427758,0.9075452014803886,0.0
380928,595,1.4727526,570.722008228302,-0.019221414,5,659.91,0.0074706865,-0.11,0.021093179,0.9208501055836678,0.0
385024,601,1.4476877,575.5874178409576,-0.017489383,6,660.67,0.006500005,-0.19,0.019481061,0.924132913351059,0.0
389120,608,1.5259483,580.208976984024,-0.017479576,7,655.2,0.00617435,-0.22,0.017626107,0.9090359210968018,0.0
393216,614,1.4853166,584.9493298530579,-0.01634466,6,654.17,0.0046983953,-0.18,0.022152692,0.9191815704107285,0.0
397312,620,1.4635193,589.826357126236,-0.018721057,6,655.49,0.0062903557,-0.15,0.018532597,0.9254389107227325,0.0
401408,625,1.4562201,651.1222820281982,-0.018935658,5,664.07,0.008290242,0.01,0.021459516,0.9224857911467552,0.0
405504,631,1.4572865,656.0290570259094,-0.020207847,6,660.93,0.005709312,-0.11,0.01894362,0.9261786118149757,0.0
409600,637,1.4268228,660.6317131519318,-0.0188479,6,659.74,0.007953744,-0.04,0.020783491,0.929483950138092,0.0
413696,643,1.4694723,666.0894601345062,-0.017981885,6,665.51,0.006697748,0.01,0.021979475,0.9132582470774651,0.0
417792,650,1.3540488,671.6861369609833,-0.022557238,7,672.39,0.00904253,-0.01,0.020851636,0.9063747376203537,0.0
421888,655,1.3919623,676.7372529506683,-0.023062436,5,677.61,0.008272139,0.03,0.0247743,0.9016919210553169,0.0
425984,662,1.4218513,681.5309450626373,-0.020025477,7,672.48,0.008503135,-0.06,0.021184895,0.9002577438950539,0.0
430080,669,1.4491491,686.5811631679535,-0.01696972,7,664.47,0.0052108476,-0.1,0.022619752,0.9118828549981117,0.0
434176,674,1.4230145,691.7816960811615,-0.02172713,5,662.62,0.0072843344,-0.19,0.029035889,0.8814311996102333,0.0
438272,681,1.4077922,696.6343061923981,-0.021239568,7,665.18,0.006284509,-0.27,0.022884855,0.9194613397121429,0.0
442368,687,1.3904967,700.9378950595856,-0.019631572,6,671.31,0.007826415,-0.26,0.02037104,0.9231148734688759,0.0
446464,692,1.4257452,705.2120339870453,-0.019231228,5,680.38,0.006719069,-0.36,0.021460053,0.9165053963661194,0.0
450560,699,1.387804,709.4624619483948,-0.02173391,7,670.39,0.008529895,-0.46,0.020704523,0.9224450588226318,0.0
454656,705,1.3724923,713.6171019077301,-0.01969853,6,676.2,0.006501004,-0.44,0.021889042,0.9088535010814667,0.0
458752,711,1.3196968,717.6878428459167,-0.01944748,6,673.12,0.006776452,-0.28,0.018300107,0.9005961865186691,0.0
462848,717,1.3105223,722.0357539653778,-0.01957658,6,673.87,0.008155922,-0.39,0.023599502,0.9186443388462067,0.0
466944,724,1.2803868,727.0313880443573,-0.02288836,7,663.02,0.008210411,-0.41,0.023104534,0.9078124463558197,0.0
471040,729,1.3101792,731.355908870697,-0.022325652,5,665.79,0.0076543973,-0.38,0.023500001,0.9175630882382393,0.0
475136,735,1.3273802,735.8198790550232,-0.019790547,6,665.79,0.0052376566,-0.36,0.023605347,0.9063009917736053,0.0
479232,742,1.2681547,740.3830699920654,-0.018325085,7,664.68,0.006997631,-0.38,0.027204942,0.9075794965028763,0.0
483328,748,1.2317165,744.8436899185181,-0.019196674,6,665.15,0.009750444,-0.23,0.020140048,0.904100701212883,0.0
487424,754,1.271824,749.254467010498,-0.021471359,6,662.35,0.007069336,-0.31,0.022228846,0.9083657264709473,0.0
491520,761,1.3392305,753.5342669487,-0.020432094,7,664.84,0.0065635275,-0.3,0.017165914,0.9171034097671509,0.0
495616,766,1.3208408,758.270947933197,-0.020254463,5,669.69,0.0067279893,-0.28,0.023548665,0.9017534106969833,0.0
499712,773,1.3053453,762.8007309436798,-0.017705062,7,667.47,0.009495535,-0.27,0.029207528,0.8880818337202072,0.0
503808,777,1.3053458,820.0788009166718,-0.018872395,4,677.11,0.0065214452,-0.26,0.01890506,0.9161858335137367,0.0
507904,783,1.2974344,824.9858791828156,-0.02184438,6,676.49,0.0071394723,-0.32,0.017190931,0.9188503697514534,0.0
512000,790,1.2810564,829.478765964508,-0.019887934,7,667.52,0.0069461064,-0.38,0.016914057,0.9319969639182091,0.0
516096,796,1.2500675,833.8925671577454,-0.022092741,6,674.32,0.0060296883,-0.16,0.01916725,0.9161480143666267,0.0
520192,803,1.3091196,838.4301290512085,-0.02355632,7,670.04,0.00867506,-0.11,0.016432578,0.8952181190252304,0.0
524288,808,1.2974778,843.0152101516724,-0.021751747,5,678.09,0.0068432493,-0.3,0.01931504,0.9282585233449936,0.0
528384,814,1.2477165,848.1148507595062,-0.021647325,6,676.65,0.007109243,-0.19,0.021658473,0.921563059091568,0.0
532480,820,1.2581334,852.9702668190002,-0.022404794,6,674.11,0.006928224,-0.23,0.020159792,0.9279686138033867,0.0
536576,826,1.2205735,857.3844590187073,-0.018778099,6,675.47,0.006926096,-0.25,0.019682184,0.9279279038310051,0.0
540672,833,1.2222474,861.676008939743,-0.02383533,7,672.28,0.0076226084,-0.14,0.018199904,0.9343918114900589,0.0
544768,839,1.1983371,866.1867389678955,-0.021104895,6,675.38,0.0091046,0.05,0.018820781,0.9185135662555695,0.0
548864,844,1.2764312,870.5214929580688,-0.0216306,5,680.62,0.007976762,-0.13,0.021569278,0.9194008484482765,0.0
552960,851,1.2502776,875.0583388805389,-0.019850524,7,678.86,0.007153013,-0.25,0.018059636,0.9268326982855797,0.0
557056,856,1.1788011,879.5344970226288,-0.022339093,5,679.21,0.006856798,-0.13,0.025413882,0.9024913758039474,0.0
561152,862,1.2533994,883.9293310642242,-0.02258293,6,683.24,0.0061181723,-0.03,0.019573413,0.9247101321816444,0.0
565248,868,1.2371478,888.193571805954,-0.020019133,6,683.55,0.006425221,0.11,0.02713283,0.9057626277208328,0.0
569344,874,1.2567527,892.4581708908081,-0.020624299,6,679.9,0.0063042617,0.05,0.019030217,0.9293484538793564,0.0
573440,880,1.2120137,896.7352850437164,-0.02079244,6,677.26,0.0075073163,0.05,0.019940546,0.9301735386252403,0.0
577536,887,1.2252212,901.0785081386566,-0.0203559,7,676.81,0.007142638,0.17,0.01702867,0.9292453154921532,0.0
581632,893,1.1468174,905.6123299598694,-0.021180714,6,672.83,0.008111998,0.29,0.022666477,0.9025510475039482,0.0
585728,900,1.1744642,910.287171125412,-0.022147527,7,670.51,0.0066318694,0.25,0.021692809,0.9236868023872375,0.0
589824,907,1.168831,914.5509719848633,-0.022732258,7,663.78,0.007709267,0.42,0.020960849,0.9233543127775192,0.0
593920,913,1.1328452,919.0945789813995,-0.022625817,6,663.54,0.0068737944,0.5,0.026426107,0.8982797786593437,0.0
598016,919,1.126182,923.4522309303284,-0.020578187,6,661.76,0.0074379114,0.56,0.022002865,0.9131004884839058,0.0
602112,924,1.104683,983.5539951324463,-0.020425633,5,668.85,0.007203936,0.49,0.020728055,0.8740856498479843,0.0
606208,930,1.0686947,987.8814580440521,-0.02131768,6,674.74,0.0063929744,0.52,0.01954691,0.9120553508400917,0.0
610304,937,1.0414325,992.395546913147,-0.020942012,7,671.4,0.0064129434,0.51,0.021689031,0.9014949128031731,0.0
614400,942,0.9761119,997.138335943222,-0.02230783,5,672.9,0.0075345244,0.67,0.021810222,0.8595176488161087,0.0
618496,948,1.0648868,1001.4438421726227,-0.024164317,6,672.91,0.0074919057,0.78,0.018457888,0.9177902489900589,0.0
622592,954,1.0384243,1005.7587490081787,-0.021090765,6,672.28,0.006903306,0.7,0.020257898,0.8993530794978142,0.0
626688,959,1.0809126,1009.9899017810822,-0.019958694,5,672.78,0.005419375,0.63,0.020715313,0.8976415768265724,0.0
630784,965,1.0189624,1014.3075988292694,-0.018720658,6,678.0,0.006621718,0.7,0.015525046,0.9396625086665154,0.0
634880,972,1.0125988,1018.5634388923645,-0.021444226,7,667.26,0.0056967214,0.79,0.020121465,0.9250944405794144,0.0
638976,977,1.1012911,1022.7640268802643,-0.020661937,5,673.8,0.0066342903,0.74,0.022622209,0.9123600646853447,0.0
643072,983,1.112485,1027.2688031196594,-0.022654116,6,678.36,0.00722644,0.71,0.019803306,0.9197680875658989,0.0
647168,991,1.0206244,1031.5550549030304,-0.023832344,8,673.11,0.006876476,0.67,0.021709314,0.9196283966302872,0.0
651264,997,1.0347937,1036.0159828662872,-0.020266138,6,671.55,0.0070266807,0.57,0.021461632,0.9103577062487602,0.0
655360,1003,1.0336528,1040.6451909542084,-0.021778885,6,676.23,0.0074336883,0.45,0.0247275,0.9009904116392136,0.0
659456,1010,1.066557,1044.8750269412994,-0.021911435,7,679.56,0.0064767743,0.44,0.025558785,0.925742395222187,0.0
663552,1015,1.0187216,1049.1726138591766,-0.020346625,5,676.91,0.0061470433,0.43,0.03060133,0.8706149160861969,0.0
667648,1021,1.0217873,1053.487096786499,-0.02156577,6,686.55,0.0068041068,0.46,0.018073233,0.934276781976223,0.0
671744,1028,1.0047506,1058.403473854065,-0.022728354,7,672.08,0.007699438,0.61,0.023965934,0.9047857597470284,0.0
675840,1033,1.0542989,1063.056095123291,-0.02305575,5,677.55,0.006088331,0.48,0.01933436,0.9262450709939003,0.0
679936,1038,1.0184399,1067.5719890594482,-0.02272459,5,682.63,0.00653599,0.4,0.0215395,0.90946926176548,0.0
684032,1045,1.1092755,1071.8536038398743,-0.023211148,7,678.41,0.008000863,0.12,0.018129362,0.8807691410183907,0.0
688128,1051,1.0491943,1076.143326997757,-0.023242766,6,679.32,0.009430726,0.0,0.02388855,0.8815951347351074,0.0
692224,1057,1.0031403,1080.4555888175964,-0.02187273,6,679.26,0.005763129,0.16,0.018031487,0.9158799275755882,0.0
696320,1063,1.014056,1084.9306309223175,-0.023456423,6,675.42,0.0058667553,0.17,0.018350847,0.8995743095874786,0.0
700416,1068,1.0190618,1141.3522109985352,-0.021900201,5,674.07,0.0059065497,0.28,0.01621521,0.9122154638171196,0.0
704512,1074,0.98484844,1146.486095905304,-0.022841845,6,685.02,0.005888466,0.23,0.018248368,0.8969072997570038,0.0
708608,1079,1.0374767,1150.8773341178894,-0.024179611,5,684.22,0.006396374,0.25,0.02018775,0.8823759108781815,0.0
712704,1085,1.0786049,1155.2852501869202,-0.022390343,6,686.68,0.008017832,0.17,0.021155488,0.8823249936103821,0.0
716800,1090,1.0178919,1159.8413360118866,-0.02485528,5,699.36,0.008102158,0.05,0.018805541,0.9002783820033073,0.0
720896,1095,0.97776437,1164.2679498195648,-0.020636082,5,709.41,0.0058001135,0.14,0.01718988,0.9106934294104576,0.0
724992,1100,0.9840582,1168.6568048000336,-0.024688588,5,712.69,0.007473279,0.16,0.01614083,0.8749807924032211,0.0
729088,1107,1.0001858,1173.0393018722534,-0.02224634,7,716.99,0.0062527973,0.32,0.02002337,0.8855155035853386,0.0
733184,1112,1.0302206,1177.9968378543854,-0.026553478,5,721.66,0.008257028,0.23,0.019094156,0.9059958681464195,0.0
737280,1117,1.0335492,1182.8399901390076,-0.023939418,5,722.62,0.0072378116,0.17,0.020562192,0.9088392779231071,0.0
741376,1124,1.0483669,1187.2298209667206,-0.02173893,7,721.56,0.0076659764,-0.1,0.018176608,0.9154499545693398,0.0
745472,1129,1.0718448,1191.3852171897888,-0.02335104,5,725.82,0.007916199,-0.17,0.019536737,0.9080954194068909,0.0
749568,1134,1.0195899,1195.636610031128,-0.019749776,5,724.18,0.007544044,-0.09,0.015213687,0.9253719300031662,0.0
753664,1140,1.0044678,1200.1221420764923,-0.023471106,6,724.21,0.006761152,0.0,0.021939622,0.8863681852817535,0.0
757760,1146,1.0016077,1204.6744720935822,-0.023138318,6,730.57,0.0096609695,0.24,0.017194463,0.9241817742586136,0.0
761856,1151,0.9918802,1209.2009999752045,-0.024551451,5,733.4,0.00812412,0.17,0.024457114,0.8733404278755188,0.0
765952,1157,1.0108029,1213.626960992813,-0.024141954,6,731.91,0.008220257,0.05,0.023179367,0.8893687799572945,0.0
770048,1163,0.99900895,1217.8213891983032,-0.025987674,6,734.43,0.00853972,-0.06,0.019856596,0.9028550162911415,0.0
774144,1169,1.0348479,1222.1311650276184,-0.022052204,6,733.98,0.006861917,-0.23,0.017062986,0.8971525579690933,0.0
778240,1174,1.0029638,1226.511195898056,-0.02361861,5,732.61,0.007914727,-0.28,0.015057959,0.9288707375526428,0.0
782336,1180,1.0035406,1230.8021790981293,-0.021681355,6,730.98,0.007435491,-0.26,0.017174125,0.9246446490287781,0.0
786432,1185,1.0707433,1235.3042929172516,-0.025643434,5,736.34,0.0082469825,-0.22,0.015590475,0.9197952523827553,0.0
790528,1191,1.0026015,1239.6544480323792,-0.024511747,6,733.06,0.008623295,-0.32,0.016048007,0.9113372415304184,0.0
794624,1196,1.0038531,1244.347491979599,-0.022800356,5,726.38,0.008497733,-0.43,0.017126178,0.910086378455162,0.0
798720,1202,0.9505997,1248.8216798305511,-0.021622784,6,728.25,0.008147843,-0.43,0.020660134,0.9221973791718483,0.0
802816,1207,0.99976945,1314.2434239387512,-0.024470221,5,733.84,0.009994887,-0.55,0.019030144,0.8914485573768616,0.0
806912,1212,0.96614176,1318.5689098834991,-0.025341865,5,739.3,0.009106675,-0.42,0.017631715,0.8906514123082161,0.0
811008,1217,0.9281285,1322.8876390457153,-0.023429524,5,738.34,0.00912956,-0.35,0.01790694,0.8803906738758087,0.0
815104,1223,0.97276163,1327.468910932541,-0.02170983,6,742.17,0.0067019938,-0.23,0.020700047,0.8666400164365768,0.0
819200,1228,0.993856,1331.8971238136292,-0.023423605,5,743.11,0.007545895,-0.14,0.022211827,0.8725404739379883,0.0
823296,1234,1.0206444,1336.3026130199432,-0.020521585,6,738.79,0.009130046,-0.22,0.020380365,0.9117646887898445,0.0
827392,1239,1.0056192,1340.7786231040955,-0.023138253,5,744.52,0.00685515,-0.22,0.011222368,0.9327154234051704,0.0
831488,1245,0.9705009,1345.421823978424,-0.02092283,6,743.11,0.008439108,-0.08,0.01483172,0.9153500869870186,0.0
835584,1251,0.95395887,1350.311075925827,-0.024423636,6,741.83,0.008561173,-0.11,0.020275744,0.9015860483050346,0.0
839680,1255,0.98171043,1355.1953809261322,-0.024714913,4,749.47,0.008353106,-0.12,0.017977187,0.9016920402646065,0.0
843776,1260,1.0184964,1360.035140991211,-0.025237786,5,757.26,0.007871922,-0.04,0.0146270245,0.9288438558578491,0.0
847872,1267,0.94792104,1364.5858387947083,-0.022842517,7,749.75,0.0073485356,0.07,0.01938993,0.8885261341929436,0.0
851968,1272,0.95853853,1369.1078209877014,-0.023905462,5,753.19,0.0071087517,0.14,0.019437281,0.9121129587292671,0.0
856064,1278,0.9789629,1373.565418958664,-0.022581222,6,757.95,0.008335279,0.16,0.020783637,0.8999591693282127,0.0
860160,1282,0.95455384,1377.880369901657,-0.021722553,4,759.03,0.008416269,0.16,0.02132984,0.8823499381542206,0.0
864256,1288,1.0087128,1382.2674870491028,-0.026021343,6,758.21,0.009053455,0.16,0.015563918,0.9096949994564056,0.0
868352,1293,0.95568895,1387.0062839984894,-0.024672646,5,761.59,0.008456043,0.28,0.019033065,0.9105342701077461,0.0
872448,1299,1.0093343,1391.545893907547,-0.025217786,6,760.31,0.007756135,0.3,0.020942083,0.8637356907129288,0.0
876544,1305,0.97192174,1396.2287719249725,-0.021852866,6,756.61,0.0071393256,0.32,0.015065938,0.8982479423284531,0.0
880640,1310,0.9550405,1401.3312079906464,-0.022784859,5,752.84,0.007122444,0.24,0.022958176,0.8510705530643463,0.0
884736,1316,0.95239025,1406.8126118183136,-0.021908047,6,745.99,0.0075562075,0.27,0.012958675,0.9204485639929771,0.0
888832,1322,0.9400294,1412.2275199890137,-0.02279866,6,743.93,0.008195922,0.23,0.018292889,0.886463537812233,0.0
892928,1327,0.9502639,1417.002424955368,-0.022322582,5,748.05,0.007882227,0.27,0.016634252,0.9298512190580368,0.0
897024,1333,0.92923945,1421.5725769996643,-0.023629738,6,750.83,0.007540805,0.31,0.014879333,0.92788315564394,0.0
901120,1337,0.9480567,1496.318832874298,-0.020888913,4,759.88,0.008193732,0.35,0.017411029,0.9193603694438934,0.0
905216,1343,0.86781627,1501.078908920288,-0.02121164,6,753.13,0.0073208814,0.42,0.016556606,0.9066217467188835,0.0
909312,1348,0.9337738,1505.8583891391754,-0.019739902,5,750.05,0.006806367,0.4,0.015692005,0.9260815009474754,0.0
913408,1354,0.9022854,1510.737058877945,-0.025582677,6,748.2,0.009269689,0.58,0.01772786,0.8913935720920563,0.0
917504,1359,0.9531079,1515.6896450519562,-0.023199916,5,744.39,0.007008642,0.51,0.017901434,0.9060138091444969,0.0
921600,1365,0.955665,1520.7186949253082,-0.026389733,6,746.17,0.008718278,0.34,0.020608572,0.892817959189415,0.0
925696,1371,0.88472354,1526.3286800384521,-0.022235408,6,746.55,0.0058357613,0.41,0.016855441,0.9122873619198799,0.0
929792,1376,0.8772126,1531.7881491184235,-0.025691299,5,748.46,0.008401823,0.53,0.015685735,0.8818511962890625,0.0
933888,1381,0.91490245,1537.0565099716187,-0.024525814,5,745.77,0.011115873,0.62,0.024594242,0.8627410978078842,0.0
937984,1386,0.90900296,1541.9903020858765,-0.021351853,5,749.1,0.0077552805,0.66,0.025321426,0.8681005090475082,0.0
942080,1391,0.9156881,1546.711012840271,-0.023225632,5,747.72,0.0071514063,0.68,0.01977361,0.8606672883033752,0.0
946176,1396,0.93161535,1551.4354140758514,-0.02239036,5,753.57,0.007864812,0.7,0.017061682,0.88963483273983,0.0
950272,1401,0.9654508,1556.585459947586,-0.025721664,5,754.81,0.007940893,0.56,0.026123188,0.851333886384964,0.0
954368,1406,0.9151602,1561.7475140094757,-0.02231857,5,769.61,0.008330013,0.54,0.017913537,0.9071260690689087,0.0
958464,1411,0.91509956,1566.6402390003204,-0.01947048,5,768.95,0.006431639,0.6,0.014343723,0.9016968533396721,0.0
962560,1417,0.8896071,1571.158711194992,-0.022578875,6,769.88,0.008382465,0.56,0.014149461,0.9290793091058731,0.0
966656,1422,0.9078375,1575.7766239643097,-0.022713864,5,778.91,0.0070998124,0.58,0.0125158075,0.9192315712571144,0.0
970752,1427,0.90383124,1580.4536259174347,-0.02300513,5,775.52,0.008126139,0.59,0.01781871,0.8829052448272705,0.0
974848,1432,0.8868016,1585.3493688106537,-0.026350489,5,776.26,0.008584833,0.64,0.025039958,0.8311103135347366,0.0
978944,1438,0.86564565,1590.3931229114532,-0.024049938,6,770.69,0.008503132,0.57,0.021322338,0.8562944084405899,0.0
983040,1443,0.8599122,1595.3404140472412,-0.022834215,5,778.19,0.007185404,0.49,0.02362382,0.8547277301549911,0.0
987136,1448,0.8862381,1599.8701860904694,-0.024901533,5,783.19,0.008504175,0.48,0.014228274,0.8904137015342712,0.0
991232,1454,0.87494075,1604.3621859550476,-0.021633266,6,780.52,0.007238168,0.38,0.016690258,0.8914112523198128,0.0
995328,1459,0.88717574,1608.8846538066864,-0.021115448,5,782.12,0.0071825846,0.48,0.015305199,0.9147599041461945,0.0
999424,1464,0.88237995,1613.427416086197,-0.02627036,5,785.08,0.008344766,0.62,0.015117503,0.9061373323202133,0.0
1003520,1469,0.89106935,1683.1744229793549,-0.024990307,5,789.81,0.00881757,0.62,0.03861752,0.7121885120868683,0.0
1007616,1474,0.9163385,1687.5665459632874,-0.021926867,5,793.1,0.007496946,0.56,0.02243006,0.8765461221337318,0.0
1011712,1479,0.93548274,1691.7788407802582,-0.023514189,5,793.28,0.009034225,0.41,0.01840937,0.8826392963528633,0.0
1015808,1485,0.9266318,1696.70410490036,-0.025882633,6,792.76,0.010130774,0.34,0.01834646,0.8999853506684303,0.0
1019904,1490,0.8831165,1703.0279359817505,-0.022869248,5,789.92,0.007698618,0.49,0.018091656,0.863438218832016,0.0
1024000,1495,0.9030409,1708.533364057541,-0.022366354,5,790.3,0.007315714,0.57,0.019552136,0.8653256893157959,0.0
1028096,1500,0.9177105,1713.2562141418457,-0.027081765,5,791.03,0.0076679136,0.54,0.019294083,0.8574835956096649,0.0
1032192,1505,0.910487,1717.704069852829,-0.023010721,5,787.51,0.007774857,0.61,0.019277947,0.8534341752529144,0.0
1036288,1510,0.9416426,1722.093810081482,-0.022894438,5,790.9,0.008525288,0.53,0.011639997,0.9064035043120384,0.0
1040384,1514,0.90856206,1726.4029278755188,-0.026499325,4,797.4,0.008297299,0.46,0.014442356,0.8822130113840103,0.0
1044480,1519,0.9036223,1730.6349477767944,-0.02269043,5,801.19,0.009012468,0.43,0.025078751,0.8644257187843323,0.0
1048576,1524,0.9188108,1734.8911139965057,-0.024643417,5,799.51,0.009330819,0.46,0.02309045,0.863911047577858,0.0
1052672,1529,0.8828139,1739.1154999732971,-0.023822136,5,800.71,0.007483668,0.35,0.017715232,0.8564108163118362,0.0
1056768,1534,0.9050466,1743.298040151596,-0.02165783,5,807.06,0.009134651,0.39,0.018015161,0.8830863684415817,0.0
1060864,1539,0.9155225,1747.4169218540192,-0.022708898,5,804.94,0.008462681,0.27,0.01577294,0.9119564220309258,0.0
1064960,1545,0.8824797,1751.5344619750977,-0.026507165,6,798.14,0.008200496,0.36,0.0150626935,0.9136384949088097,0.0
1069056,1551,0.91530305,1755.4472529888153,-0.022707755,6,797.75,0.0076780845,0.45,0.017176451,0.8954377248883247,0.0
1073152,1556,0.89718485,1759.7294731140137,-0.025865367,5,802.07,0.0090362225,0.38,0.018655216,0.8845201954245567,0.0
1077248,1560,0.9094825,1763.8206868171692,-0.025045862,4,809.05,0.008802998,0.42,0.017862288,0.8742088228464127,0.0
1081344,1565,0.9065618,1767.8380630016327,-0.024897955,5,815.06,0.00882921,0.34,0.019088106,0.8462272584438324,0.0
1085440,1570,0.9005829,1771.9364879131317,-0.023105081,5,817.15,0.006656322,0.25,0.018182924,0.8985774517059326,0.0
1089536,1575,0.8905748,1776.0051519870758,-0.02645294,5,818.65,0.007238633,0.37,0.02286,0.8520366996526718,0.0
1093632,1581,0.93661565,1780.1606049537659,-0.025595827,6,809.41,0.009945203,0.36,0.01736588,0.881012536585331,0.0
1097728,1586,0.8942567,1784.2161910533905,-0.024085239,5,809.37,0.008345871,0.48,0.021489656,0.8256309330463409,0.0
1101824,1590,0.93942535,1850.8572218418121,-0.025315726,4,815.0,0.010610296,0.3,0.015811887,0.8998500779271126,0.0
1105920,1595,0.9272517,1855.0032830238342,-0.027086627,5,820.19,0.008667631,0.27,0.024931978,0.8280161768198013,0.0
1110016,1600,0.9001473,1859.273621082306,-0.024228405,5,819.6,0.0074031544,0.32,0.019586602,0.8679393827915192,0.0
1114112,1605,0.8900119,1863.4877190589905,-0.02476651,5,817.7,0.00892706,0.33,0.02584435,0.8243884444236755,0.0
1118208,1610,0.8826431,1867.6384539604187,-0.025720812,5,815.36,0.008240546,0.53,0.02229981,0.8387575596570969,0.0
1122304,1615,0.92347,1871.861788034439,-0.022130486,5,808.88,0.0074855993,0.48,0.018659892,0.8386959731578827,0.0
1126400,1620,0.89384145,1876.382562160492,-0.026002724,5,807.91,0.007905725,0.62,0.017243318,0.8997131586074829,0.0
1130496,1624,0.8693556,1881.158392906189,-0.024430096,4,819.18,0.0073319413,0.63,0.02223495,0.8568538278341293,0.0
1134592,1629,0.92979276,1885.8686079978943,-0.025717784,5,825.05,0.007414262,0.68,0.015170646,0.8998939767479897,0.0
1138688,1634,0.9458308,1890.3910069465637,-0.021835199,5,822.03,0.009724208,0.66,0.018386396,0.8905595317482948,0.0
1142784,1638,0.91943043,1894.626554965973,-0.025296414,4,825.83,0.008826415,0.73,0.018235343,0.867386981844902,0.0
1146880,1644,0.8841804,1898.934595823288,-0.022885706,6,830.51,0.0062099635,0.73,0.018634344,0.8794590160250664,0.0
1150976,1649,0.85620844,1903.760845899582,-0.026329832,5,834.91,0.0073599545,0.82,0.017729523,0.8521870225667953,0.0
1155072,1654,0.898821,1908.3829729557037,-0.023474323,5,839.71,0.008039116,0.86,0.015435124,0.8706828504800797,0.0
1159168,1659,0.9112169,1913.04562997818,-0.027657822,5,834.26,0.0094189,0.84,0.01911967,0.8645107001066208,0.0
1163264,1663,0.9367134,1917.1714761257172,-0.025304599,4,835.47,0.008964265,0.87,0.019610163,0.8599918335676193,0.0
1167360,1669,0.93895537,1921.3895580768585,-0.021825578,6,831.41,0.00799986,0.83,0.013791376,0.873082846403122,0.0
1171456,1673,0.85272604,1925.651121854782,-0.0266982,4,826.79,0.010503176,0.84,0.020239782,0.8612443506717682,0.0
1175552,1679,0.87088144,1929.8507249355316,-0.024671657,6,832.26,0.0092505235,1.0,0.021781398,0.8151784837245941,0.0
1179648,1684,0.91265845,1934.2071151733398,-0.024176197,5,829.98,0.008490511,1.03,0.019975923,0.8619983196258545,0.0
1183744,1689,0.9112059,1938.6574039459229,-0.027120821,5,831.18,0.008712191,1.13,0.01865042,0.8207473456859589,0.0
1187840,1694,0.8612515,1943.0019490718842,-0.027032105,5,829.12,0.008511362,1.2,0.018191362,0.8503669202327728,0.0
1191936,1699,0.898607,1947.360864162445,-0.024799012,5,825.39,0.007450703,1.23,0.020196255,0.8894699439406395,0.0
1196032,1704,0.88275653,1952.3114597797394,-0.02413807,5,831.51,0.00782707,1.28,0.023949647,0.8031693249940872,0.0
1200128,1708,0.87913656,2033.6634528636932,-0.024814885,4,833.85,0.0067272177,1.19,0.01838006,0.8536895513534546,0.0
1204224,1712,0.9160395,2038.8059809207916,-0.02639037,4,847.28,0.008334442,1.09,0.01967649,0.8595484495162964,0.0
1208320,1716,0.89349407,2043.3708028793335,-0.024916701,4,852.56,0.00771917,1.0,0.01995147,0.7894335836172104,0.0
1212416,1720,0.8955382,2047.8513360023499,-0.027729027,4,863.86,0.008920519,0.95,0.025918894,0.7626760452985764,0.0
1216512,1724,0.8498432,2052.1799120903015,-0.026743734,4,866.95,0.0073173773,0.96,0.02568748,0.7310953438282013,0.0
1220608,1728,0.8639814,2056.764089822769,-0.025986405,4,866.92,0.0072366633,0.96,0.0223462,0.7718171179294586,0.0
1224704,1732,0.8556836,2061.3220999240875,-0.0273585,4,876.01,0.008990176,0.99,0.015105169,0.7585235238075256,0.0
1228800,1736,0.939539,2065.976910829544,-0.028398966,4,886.12,0.009067392,0.94,0.016749509,0.8272671550512314,0.0
1232896,1740,0.895921,2070.661870956421,-0.024928601,4,886.33,0.008151204,0.9,0.018368402,0.8305844813585281,0.0
1236992,1744,0.9286331,2075.2334611415863,-0.028577076,4,895.64,0.009077583,0.94,0.018422967,0.8390146940946579,0.0
1241088,1748,0.8994646,2079.6150279045105,-0.028556626,4,907.24,0.009069319,0.81,0.017560892,0.8216664493083954,0.0
1245184,1751,0.9151736,2084.050708055496,-0.03019482,3,912.68,0.008839382,0.73,0.02315227,0.7625208348035812,0.0
1249280,1756,0.93429476,2088.5165350437164,-0.026954561,5,925.76,0.008229186,0.7,0.019770969,0.808211550116539,0.0
1253376,1759,0.92244583,2093.1178488731384,-0.027863365,3,934.61,0.008784989,0.65,0.024172228,0.7810636609792709,0.0
1257472,1763,0.8941242,2097.680323123932,-0.023936866,4,943.73,0.008476754,0.63,0.022602921,0.7848331481218338,0.0
1261568,1766,0.88362336,2102.1151938438416,-0.02594712,3,954.22,0.007990395,0.59,0.019311257,0.8366055935621262,0.0
1265664,1770,0.8773667,2106.3920500278473,-0.025142644,4,968.66,0.006890079,0.68,0.02600862,0.7861323803663254,0.0
1269760,1774,0.8629651,2110.903352022171,-0.024899535,4,975.23,0.007289022,0.65,0.022433493,0.7730464190244675,0.0
1273856,1778,0.913014,2116.486155986786,-0.02585872,4,991.59,0.0076316004,0.55,0.021791033,0.7933454215526581,0.0
1277952,1782,0.8920319,2121.7700600624084,-0.027113179,4,1003.59,0.0074860686,0.43,0.023961842,0.7637379914522171,0.0
1282048,1786,0.8766773,2126.5864248275757,-0.023639407,4,1008.59,0.009643201,0.42,0.025006,0.736531525850296,0.0
1286144,1789,0.893746,2131.058116912842,-0.026978796,3,1021.46,0.0083000995,0.37,0.02267213,0.7500811368227005,0.0
1290240,1793,0.8726269,2135.431344985962,-0.025192551,4,1033.05,0.009280799,0.35,0.024962012,0.6944507658481598,0.0
1294336,1797,0.8947968,2139.7926211357117,-0.0274877,4,1042.15,0.0085902205,0.31,0.02760926,0.7326989471912384,0.0
1298432,1800,0.8992396,2144.177661895752,-0.025373071,3,1053.07,0.0078658275,0.31,0.02341813,0.7468529045581818,0.0
1302528,1802,0.9093497,2234.632390022278,-0.028147213,2,1069.74,0.008475687,0.3,0.022842554,0.7147343754768372,0.0
1306624,1806,0.88869804,2239.222499847412,-0.029710485,4,1082.85,0.0088971155,0.15,0.01685836,0.7741600275039673,0.0
1310720,1810,0.8998363,2243.789530992508,-0.027048655,4,1082.0,0.008955499,0.22,0.022286417,0.7481181621551514,0.0
1314816,1814,0.86599004,2248.4400420188904,-0.028935667,4,1087.53,0.0077261473,0.34,0.020373097,0.7396281063556671,0.0
1318912,1817,0.8394931,2252.8246669769287,-0.027424553,3,1092.27,0.009660447,0.45,0.022289906,0.6611272990703583,0.0
1323008,1821,0.8965955,2257.1936910152435,-0.026833901,4,1093.84,0.008535868,0.44,0.021399906,0.7191036939620972,0.0
1327104,1825,0.8738322,2261.818859100342,-0.03206444,4,1089.54,0.009635257,0.4,0.022071116,0.7017444372177124,0.0
1331200,1829,0.87987196,2267.1268181800842,-0.024663106,4,1095.2,0.0072564306,0.31,0.022531195,0.7268390357494354,0.0
1335296,1833,0.8680738,2272.3391449451447,-0.028008822,4,1091.11,0.008418452,0.33,0.018385205,0.7554803937673569,0.0
1339392,1837,0.8829417,2278.1434650421143,-0.029387051,4,1096.53,0.01052831,0.41,0.020580588,0.7337714433670044,0.0
1343488,1841,0.86960685,2283.144478082657,-0.02771343,4,1100.6,0.008631919,0.27,0.025458185,0.7090601325035095,0.0
1347584,1845,0.8506005,2287.8804750442505,-0.025092125,4,1101.7,0.00892212,0.32,0.022457665,0.6430268287658691,0.0
1351680,1848,0.87911385,2292.428055047989,-0.025819037,3,1106.83,0.008698875,0.27,0.019134382,0.7256670892238617,0.0
1355776,1852,0.88490444,2297.245693922043,-0.029023243,4,1101.52,0.008376142,0.36,0.018933853,0.7422824501991272,0.0
1359872,1855,0.90641797,2301.7853660583496,-0.028900202,3,1109.82,0.009473306,0.45,0.017785273,0.7958364188671112,0.0
1363968,1859,0.8776366,2306.2965309619904,-0.029513095,4,1110.41,0.008390508,0.43,0.016463086,0.8335241973400116,0.0
1368064,1864,0.8837467,2310.7685129642487,-0.025158413,5,1097.87,0.009017163,0.4,0.016865335,0.8124696612358093,0.0
1372160,1867,0.92110395,2314.9969952106476,-0.026005227,3,1104.34,0.008229714,0.29,0.022174474,0.7358753979206085,0.0
1376256,1870,0.90207404,2319.5444481372833,-0.029851535,3,1112.82,0.008003775,0.33,0.016675593,0.6508058309555054,0.0
1380352,1873,0.8777024,2324.249580144882,-0.028118502,3,1116.03,0.0078075286,0.35,0.021618979,0.6482255160808563,0.0
1384448,1876,0.9019326,2329.0335659980774,-0.030233784,3,1124.68,0.008618612,0.35,0.019897679,0.7055990397930145,0.0
1388544,1880,0.8744018,2333.9725019931793,-0.027058117,4,1123.07,0.0075157057,0.35,0.019833047,0.6295048296451569,0.0
1392640,1883,0.8921365,2338.229744911194,-0.028432222,3,1138.2,0.008617097,0.44,0.019893372,0.6686747968196869,0.0
1396736,1886,0.8450305,2342.349391937256,-0.028772287,3,1140.84,0.00781459,0.4,0.019083245,0.7312431633472443,0.0
1400832,1888,0.88388926,2446.7486469745636,-0.027467635,2,1140.25,0.008842177,0.45,0.019228183,0.632767915725708,0.0
1404928,1892,0.88609326,2451.617993116379,-0.02711631,4,1157.93,0.008058055,0.43,0.02228992,0.6843916475772858,0.0
1409024,1895,0.86896616,2455.8290481567383,-0.028838394,3,1167.08,0.010023319,0.37,0.019489352,0.6386342942714691,0.0
1413120,1898,0.8663399,2460.031105041504,-0.029286087,3,1173.26,0.008289391,0.33,0.02205691,0.7014311254024506,0.0
1417216,1901,0.8930562,2464.334897994995,-0.03161809,3,1171.71,0.008706962,0.23,0.019662416,0.6652952134609222,0.0
1421312,1904,0.8653801,2468.6458270549774,-0.031001057,3,1159.22,0.010258505,0.31,0.019385615,0.6156368255615234,0.0
1425408,1908,0.90409493,2473.1969709396362,-0.0287895,4,1174.73,0.009083308,0.26,0.022214701,0.6299646496772766,0.0
1429504,1911,0.8779704,2479.067132949829,-0.030408718,3,1177.77,0.010084715,0.25,0.0199948,0.677771121263504,0.0
1433600,1914,0.9003344,2484.7831819057465,-0.027947165,3,1180.96,0.008517311,0.2,0.016305942,0.602522999048233,0.0
1437696,1917,0.8409881,2490.053811073303,-0.029773194,3,1190.69,0.008784059,0.14,0.015921395,0.6746709644794464,0.0
1441792,1920,0.8460397,2494.232209920883,-0.028956508,3,1203.34,0.008977176,0.07,0.018721417,0.6011066734790802,0.0
1445888,1923,0.8639088,2498.3890388011932,-0.02887217,3,1207.75,0.0100666545,0.02,0.016591195,0.6934627890586853,0.0
1449984,1926,0.8607256,2502.5656509399414,-0.027789127,3,1216.79,0.008523556,0.0,0.014928156,0.6587578654289246,0.0
1454080,1929,0.8295453,2507.1777391433716,-0.028443646,3,1226.46,0.009947371,0.13,0.019815259,0.7139643728733063,0.0
1458176,1933,0.8862798,2511.5376121997833,-0.02809536,4,1227.6,0.0102581205,0.11,0.019559309,0.661806046962738,0.0
1462272,1936,0.8770262,2516.0728991031647,-0.027615227,3,1237.21,0.008987221,0.14,0.024335943,0.5545071065425873,0.0
1466368,1938,0.9243806,2520.5882110595703,-0.026691016,2,1250.77,0.011072441,0.16,0.018269414,0.662843257188797,0.0
1470464,1940,0.90715283,2525.2705841064453,-0.02980953,2,1264.17,0.009655011,0.16,0.019718267,0.616647481918335,0.0
1474560,1944,0.8781061,2529.8643090724945,-0.026379438,4,1272.4,0.00800068,0.18,0.017146941,0.6311802864074707,0.0
1478656,1947,0.90972847,2534.249715089798,-0.028687902,3,1275.76,0.009481224,0.12,0.02332378,0.664496660232544,0.0
1482752,1950,0.89408094,2538.77468085289,-0.02946325,3,1275.27,0.009878456,-0.05,0.014746744,0.5272007584571838,0.0
1486848,1952,0.8526106,2543.200702905655,-0.030673282,2,1302.8,0.008341758,-0.01,0.014138097,0.5717674791812897,0.0
1490944,1954,0.91664755,2547.7563540935516,-0.028058603,2,1313.29,0.009257567,-0.12,0.015932407,0.5660935640335083,0.0
1495040,1957,0.89576954,2552.278329849243,-0.02944814,3,1336.28,0.0110364305,-0.06,0.013508879,0.6122943460941315,0.0
1499136,1960,0.8911091,2556.674059152603,-0.02878674,3,1344.59,0.011346154,0.05,0.013476394,0.5826376974582672,0.0
1503232,1963,0.8775278,2671.43789601326,-0.029561564,3,1356.14,0.0098148845,0.15,0.017282192,0.5025905966758728,0.0
1507328,1965,0.8569408,2675.681648015976,-0.030695125,2,1366.44,0.010535382,0.16,0.018753033,0.6036929190158844,0.0
1511424,1968,0.8943008,2679.8932390213013,-0.029573759,3,1372.19,0.009095519,0.18,0.015392,0.6280971467494965,0.0
1515520,1971,0.88371885,2684.346447944641,-0.029650781,3,1381.21,0.009044063,0.15,0.017345428,0.6667578816413879,0.0
1519616,1973,0.8598169,2688.481141090393,-0.02486765,2,1393.15,0.008762286,0.22,0.015600427,0.5810341835021973,0.0
1523712,1975,0.88647497,2692.508546113968,-0.031103268,2,1387.15,0.010216311,0.11,0.017173642,0.48685210943222046,0.0
1527808,1978,0.85113597,2696.5092051029205,-0.027336173,3,1405.07,0.0074958787,0.16,0.015711132,0.6563991606235504,0.0
1531904,1980,0.850754,2700.6455550193787,-0.03027296,2,1420.2,0.010004352,0.22,0.015178479,0.6196004450321198,0.0
1536000,1983,0.84164083,2704.6978089809418,-0.029161783,3,1419.41,0.011279505,0.32,0.013702471,0.6344455480575562,0.0
1540096,1986,0.88732487,2709.0153942108154,-0.029464127,3,1437.77,0.008565039,0.21,0.01810341,0.5593650937080383,0.0
1544192,1989,0.8386039,2713.277575969696,-0.033034224,3,1419.88,0.011385361,0.21,0.017377233,0.610304057598114,0.0
1548288,1992,0.8675239,2717.9967110157013,-0.030110875,3,1428.9,0.009752404,0.21,0.016443944,0.6115083694458008,0.0
1552384,1995,0.9025919,2722.7316269874573,-0.03085047,3,1432.58,0.010813287,0.18,0.015038757,0.5913448929786682,0.0
1556480,1997,0.9056658,2727.1100449562073,-0.028300054,2,1438.33,0.008732347,0.28,0.015289989,0.5943055152893066,0.0
1560576,2000,0.8492756,2732.035437822342,-0.026535932,3,1451.52,0.009438758,0.34,0.01608569,0.5878018736839294,0.0
1564672,2002,0.86621547,2736.7338371276855,-0.027734853,2,1468.49,0.009046211,0.33,0.0155959865,0.42766690254211426,0.0
1568768,2004,0.8126181,2741.805387020111,-0.026670061,2,1472.63,0.009440788,0.3,0.011923338,0.6268172264099121,0.0
1572864,2007,0.8237363,2748.086616039276,-0.031399738,3,1484.8,0.010138228,0.44,0.017733762,0.6201359629631042,0.0
1576960,2009,0.8208052,2754.0168998241425,-0.027250659,2,1497.58,0.0093903,0.38,0.011149554,0.6373553276062012,0.0
1581056,2011,0.83411765,2758.6313049793243,-0.029932702,2,1505.25,0.011279673,0.52,0.014353493,0.5263939797878265,0.0
1585152,2014,0.8634901,2763.445592880249,-0.029207429,3,1520.56,0.0108904615,0.61,0.011824672,0.6027071177959442,0.0
1589248,2016,0.89661264,2768.282510995865,-0.02556302,2,1526.22,0.009973796,0.57,0.01211255,0.6126445829868317,0.0
1593344,2017,0.84521806,2774.117551803589,-0.026423728,1,1535.81,0.008500329,0.6,0.012684034,0.5230089724063873,0.0
1597440,2020,0.8717311,2779.178725004196,-0.03227228,3,1554.85,0.011268923,0.67,0.017263204,0.623897522687912,0.0
1601536,2022,0.8638222,2949.773885011673,-0.03050531,2,1565.83,0.010346573,0.64,0.016080568,0.6272969543933868,0.0
1605632,2023,0.8981805,2954.606456041336,-0.028556028,1,1586.06,0.0095336065,0.68,0.015376972,0.5750927031040192,0.0
1609728,2025,0.8131675,2959.767795085907,-0.028714977,2,1616.69,0.009362119,0.71,0.010547225,0.44762617349624634,0.0
1613824,2027,0.818595,2965.4623630046844,-0.028293712,2,1609.82,0.01144969,0.7,0.011174371,0.5522729754447937,0.0
1617920,2028,0.80227435,2971.2083768844604,-0.030186146,1,1629.08,0.011963406,0.7,0.0069038845,0.5005708932876587,0.0
1622016,2030,0.8319519,2976.4867429733276,-0.02950355,2,1667.82,0.009910171,0.66,0.008841151,0.5220241248607635,0.0
1626112,2032,0.77631503,2981.2677319049835,-0.02865893,2,1682.9,0.010115589,0.68,0.010367939,0.610221803188324,0.0
1630208,2034,0.812564,2986.3561029434204,-0.029089423,2,1702.76,0.009732527,0.7,0.012947741,0.5206631720066071,0.0
1634304,2035,0.8680336,2991.4769217967987,-0.029690158,1,1720.85,0.013976779,0.7,0.010866814,0.5317194759845734,0.0
1638400,2037,0.823037,2996.3031010627747,-0.02843744,2,1740.63,0.0105458405,0.64,0.011214444,0.44504255056381226,0.0
1642496,2039,0.8046156,3000.729113817215,-0.026507868,2,1743.44,0.01098336,0.68,0.011973421,0.6396058201789856,0.0
1646592,2042,0.813699,3005.0834681987762,-0.029482989,3,1744.73,0.009517532,0.62,0.015628273,0.5517715513706207,0.0
1650688,2044,0.8332713,3009.394979953766,-0.025738891,2,1765.48,0.007844326,0.57,0.013634321,0.44872504472732544,0.0
1654784,2045,0.82185256,3014.3321030139923,-0.026813172,1,1781.36,0.008899127,0.56,0.012289686,0.47568273544311523,0.0
1658880,2047,0.79595554,3019.9223380088806,-0.027015045,2,1800.58,0.0088707665,0.65,0.010043912,0.48687928915023804,0.0
1662976,2049,0.7736816,3024.64652299881,-0.025932543,2,1826.06,0.009711025,0.8,0.010064799,0.5351468324661255,0.0
1667072,2051,0.854608,3029.241425037384,-0.029585296,2,1823.17,0.009419893,0.78,0.012245654,0.5487713813781738,0.0
1671168,2053,0.8036114,3034.091970205307,-0.030182777,2,1841.72,0.009290405,0.82,0.010897723,0.5733599364757538,0.0
1675264,2055,0.7812627,3039.66441988945,-0.026588177,2,1835.47,0.007708954,0.84,0.010524108,0.5273451805114746,0.0
1679360,2057,0.8149438,3045.1992111206055,-0.026980095,2,1843.02,0.009782003,0.78,0.010403072,0.605709046125412,0.0
1683456,2059,0.83518755,3050.4627480506897,-0.031297784,2,1862.47,0.0102024665,0.72,0.01081509,0.4789954423904419,0.0
1687552,2061,0.8211915,3054.972548007965,-0.028021943,2,1861.51,0.009651997,0.58,0.009806634,0.6513553559780121,0.0
1691648,2063,0.81526214,3059.4379851818085,-0.025889702,2,1879.25,0.009765791,0.63,0.0128077455,0.5920911729335785,0.0
1695744,2065,0.8053377,3064.030930995941,-0.028873568,2,1889.58,0.00982456,0.62,0.009632044,0.5216931104660034,0.0
1699840,2066,0.79743063,3068.874886035919,-0.02622897,1,1902.77,0.008393695,0.63,0.013196211,0.522007405757904,0.0
